instr,addr,pipe,call_count,cycles,running_time(us),detail
BAR,282123832,VECTOR,10,13091,1.100000,"PIPE:VEC"
BAR,282123768,VECTOR,2,2411,1.000000,"PIPE:VEC"
BAR,282123124,VECTOR,2,2380,1.090000,"PIPE:VEC"
BAR,282123140,VECTOR,2,2364,1.110000,"PIPE:VEC"
BAR,282123412,VECTOR,2,2255,0.960000,"PIPE:VEC"
BAR,282123396,VECTOR,2,2221,0.950000,"PIPE:VEC"
BAR,282123360,VECTOR,2,2063,0.900000,"PIPE:VEC"
BAR,282123292,VECTOR,2,1889,0.850000,"PIPE:VEC"
WAIT_FLAG,282123880,MTE3,1,1349,0.750000,"PIPE:VEC,TRIGGERPIPE:MTE3,FLAGID:4,"
WAIT_FLAG,282123288,VECTOR,2,974,0.540000,"PIPE:MTE2,TRIGGERPIPE:VEC,FLAGID:1,"
WAIT_FLAG,282123232,MTE2,2,964,0.540000,"PIPE:VEC,TRIGGERPIPE:MTE2,FLAGID:2,"
MOV_OUT_TO_UB,282123240,MTE2,2,939,0.520000,"Src:OUT,Dst:UB,XD:X13=0x20,XN:X1=0x11311a00,XM:X23=0x30001000010,id:4"
SET_FLAG,282123284,MTE2,2,937,0.520000,"PIPE:MTE2,TRIGGERPIPE:VEC,FLAGID:1,"
LDP_XI_XJ_XN,282122056,SCALAR,1,362,0.200000,"dtype:B64,XI:X22=0,XJ:X1=0,XN:X0=0x1022be00,IMM:0,"
VCPADD,282123828,VECTOR,10,356,0.200000,"XD:X1=0xa020,XN:X1=0xa020,XT:X7=0x100000800010001,Dtype:F32,Id:321"
ST_XD_XN_IMM,282122100,SCALAR,1,293,0.160000,"dtype:B32,XD:X0=0x7ff80,XN:X30=0x1c8260,IMM:0xd38,"
ST_XD_XN_IMM,282122208,SCALAR,1,290,0.160000,"dtype:B64,XD:X1=0x1c7ae8,XN:X0=0x1c0008,IMM:0,"
STI_XN_IMM,282122260,SCALAR,1,289,0.160000,"dtype:B32,XN:X30=0x1c8260,IMM:0x914,#POST:0,#IMM_TYPE:ZERO,"
STI_XN_IMM,282122204,SCALAR,1,288,0.160000,"dtype:B32,XN:X30=0x1c8260,IMM:0xd10,#POST:0,#IMM_TYPE:ALL_ONE,"
ST_XD_XN_IMM,282122064,SCALAR,1,287,0.160000,"dtype:B64,XD:X1=0x11319c00,XN:X30=0x1c8260,IMM:0x880,"
STI_XN_IMM,282122224,SCALAR,1,286,0.160000,"dtype:B32,XN:X30=0x1c8260,IMM:0xd18,#POST:0,#IMM_TYPE:ALL_ONE,"
STI_XN_IMM,282122228,SCALAR,1,286,0.160000,"dtype:B32,XN:X30=0x1c8260,IMM:0xd14,#POST:0,#IMM_TYPE:ALL_ONE,"
STP_XI_XJ_XN,282122120,SCALAR,1,282,0.160000,"dtype:B64,XI:X3=0,XJ:X3=0,XN:X0=0x1c7b60,IMM:0,"
STI_XN_IMM,282122116,SCALAR,1,282,0.160000,"dtype:B64,XN:X30=0x1c8260,IMM:0x8f8,#POST:0,#IMM_TYPE:ZERO,"
STI_XN_IMM,282122112,SCALAR,1,282,0.160000,"dtype:B32,XN:X30=0x1c8260,IMM:0x8f0,#POST:0,#IMM_TYPE:ZERO,"
STP_XI_XJ_XN,282122136,SCALAR,1,274,0.150000,"dtype:B64,XI:X3=0,XJ:X3=0,XN:X0=0x1c7af0,IMM:0,"
STI_XN_IMM,282122132,SCALAR,1,274,0.150000,"dtype:B64,XN:X30=0x1c8260,IMM:0x888,#POST:0,#IMM_TYPE:ZERO,"
STP_XI_XJ_XN,282122184,SCALAR,1,271,0.150000,"dtype:B64,XI:X3=0,XJ:X3=0,XN:X1=0x1c7b40,IMM:0,"
ST_XD_XN_IMM,282122256,SCALAR,1,265,0.150000,"dtype:B16,XD:X2=0x101,XN:X30=0x1c8260,IMM:0xd3c,"
ST_XD_XN_IMM,282122252,SCALAR,1,263,0.150000,"dtype:B64,XD:X0=0xffffffff0002ff00,XN:X30=0x1c8260,IMM:0x918,"
STP_XI_XJ_XN,282122168,SCALAR,1,263,0.150000,"dtype:B64,XI:X3=0,XJ:X3=0,XN:X0=0x1c7b20,IMM:0,"
STP_XI_XJ_XN,282122164,SCALAR,1,263,0.150000,"dtype:B64,XI:X3=0,XJ:X3=0,XN:X1=0x1c7b10,IMM:0,"
ST_XD_XN_IMM,282122244,SCALAR,1,263,0.150000,"dtype:B32,XD:X1=0x2ff00,XN:X30=0x1c8260,IMM:0x8f4,"
STI_XN_IMM,282122236,SCALAR,1,263,0.150000,"dtype:B16,XN:X30=0x1c8260,IMM:0x912,#POST:0,#IMM_TYPE:ALL_ONE,"
STP_XI_XJ_XN,282122160,SCALAR,1,263,0.150000,"dtype:B64,XI:X3=0,XJ:X3=0,XN:X1=0x1c7b10,IMM:0x30,"
STI_XN_IMM,282122232,SCALAR,1,263,0.150000,"dtype:B8,XN:X30=0x1c8260,IMM:0x910,#POST:0,#IMM_TYPE:ZERO,"
STP_XI_XJ_XN,282122180,SCALAR,1,262,0.150000,"dtype:B64,XI:X3=0,XJ:X3=0,XN:X1=0x1c7b40,IMM:0x30,"
LD_XD_XN_IMM,282122308,SCALAR,1,260,0.140000,"dtype:B8,XD:X5=0,XN:X4=0x1c7b73,IMM:0,"
MOV_SRC_TO_DST_ALIGN,282123884,MTE3,1,231,0.130000,"Src:UB,Dst:OUT,XD:X2=0x11319c00,XN:X3=0,XM:X5=0x40010,XT:X4=0x400000000,Dtype:B32,id:8"
VCONV,282123328,VECTOR,2,194,0.110000,"XD:X16=0x2020,XN:X13=0x20,XT:X24=0x100040800010001,Conv_type:F16_F32,Id:230"
VADD,282123764,VECTOR,2,176,0.100000,"XD:X1=0xa020,XN:X1=0xa020,XM:X0=0x8020,XT:X2=0x100080808010101,Dtype:F32,Id:305"
VABS,282123364,VECTOR,2,166,0.090000,"XD:X14=0x6020,XN:X16=0x2020,XT:X26=0x100080800010001,Dtype:F32,Id:239"
MOVEMASK,282123808,VECTOR,10,160,0.090000,"XN:X4=0,Pos:1,Id:316"
MOVEMASK,282123824,VECTOR,10,160,0.090000,"XN:X0=0x800,Pos:0,Id:320"
VCGADD,282123132,VECTOR,2,68,0.040000,"XD:X27=0xe020,XN:X1=0xa020,XT:X7=0x100000800010001,Dtype:F32,Id:440"
MOVEMASK,282123208,VECTOR,2,56,0.030000,"XN:X10=0xffffffffffffffff,Pos:0,Id:459"
MOVEMASK,282123204,VECTOR,2,56,0.030000,"XN:X10=0xffffffffffffffff,Pos:1,Id:458"
VCGADD,282123120,VECTOR,2,56,0.030000,"XD:X1=0xa020,XN:X1=0xa020,XT:X7=0x100000800010001,Dtype:F32,Id:437"
VADD,282123176,VECTOR,2,56,0.030000,"XD:X3=0,XN:X3=0,XM:X27=0xe020,XT:X0=0x100080808010101,Dtype:F32,Id:451"
MOVEMASK,282123280,VECTOR,2,43,0.020000,"XN:X15=0x1000,Pos:0,Id:218"
MOVEMASK,282123268,VECTOR,2,43,0.020000,"XN:X4=0,Pos:1,Id:215"
SET_FLAG,282123224,VECTOR,2,42,0.020000,"PIPE:VEC,TRIGGERPIPE:MTE2,FLAGID:2,"
ST_XD_XN_IMM,282123092,SCALAR,1,37,0.020000,"dtype:B64,XD:X0=0,XN:X30=0x1c8260,IMM:0x878,"
ST_XD_XN_IMM,282122856,SCALAR,1,37,0.020000,"dtype:B32,XD:X5=0x4000,XN:X30=0x1c8260,IMM:0x918,"
MOVEMASK,282123172,VECTOR,2,32,0.020000,"XN:X6=0x1,Pos:0,Id:450"
MOVEMASK,282123116,VECTOR,2,32,0.020000,"XN:X0=0x40,Pos:0,Id:436"
MOVEMASK,282123724,VECTOR,2,32,0.020000,"XN:X0=0x800,Pos:0,Id:295"
MOVEMASK,282123128,VECTOR,2,32,0.020000,"XN:X21=0x8,Pos:0,Id:439"
MOVEMASK,282123408,VECTOR,2,32,0.020000,"XN:X10=0xffffffffffffffff,Pos:0,Id:250"
MOVEMASK,282123404,VECTOR,2,32,0.020000,"XN:X10=0xffffffffffffffff,Pos:1,Id:249"
MOV_UB_TO_UB,282123400,VECTOR,2,32,0.020000,"Src:UB,Dst:UB,XD:X1=0xa020,XN:X14=0x6020,XM:X17=0x10001000010,"
MOVEMASK,282123760,VECTOR,2,32,0.020000,"XN:X4=0,Pos:1,Id:304"
MOVEMASK,282123792,VECTOR,2,32,0.020000,"XN:X10=0xffffffffffffffff,Pos:1,Id:312"
MOVEMASK,282123796,VECTOR,2,32,0.020000,"XN:X10=0xffffffffffffffff,Pos:0,Id:313"
MOVEMASK,282123108,VECTOR,2,32,0.020000,"XN:X0=0,Pos:1,Id:434"
SET_FLAG,282123864,VECTOR,1,27,0.020000,"PIPE:VEC,TRIGGERPIPE:MTE3,FLAGID:4,"
MOVEV,282122976,VECTOR,1,22,0.010000,"XD:X3=0,XN:X5=0,XT:X7=0x100000800010001,Dtype:B32,Id:171"
MOVEMASK,282122944,VECTOR,1,16,0.010000,"XN:X6=0x1,Pos:0,Id:163"
MOVEMASK,282123088,VECTOR,1,16,0.010000,"XN:X10=0xffffffffffffffff,Pos:1,Id:199"
MOVEMASK,282122040,VECTOR,1,16,0.010000,"XN:X0=0xffffffffffffffff,Pos:1,Id:12"
MOVEMASK,282122036,VECTOR,1,16,0.010000,"XN:X0=0xffffffffffffffff,Pos:0,Id:11"
MOVEMASK,282122124,VECTOR,1,16,0.010000,"XN:X1=0xffffffffffffffff,Pos:1,Id:33"
MOVEMASK,282122152,VECTOR,1,16,0.010000,"XN:X1=0xffffffffffffffff,Pos:0,Id:40"
MOVEMASK,282123096,VECTOR,1,16,0.010000,"XN:X10=0xffffffffffffffff,Pos:0,Id:201"
MOVEMASK,282122912,VECTOR,1,16,0.010000,"XN:X4=0,Pos:1,Id:155"
BAR,282122840,ALL,1,12,0.010000,"PIPE:ALL"
SHR,282123820,SCALAR,10,10,0.010000,"dtype:U64,XD:X5=0x400,DATA_SRC:IMM,IMM:0x1,"
CMP,282123816,SCALAR,10,10,0.010000,"dtype:U64,XN:X5=0x800,XM:X25=0x81,cond_op:GT,"
ZEROEXT,282123812,SCALAR,10,10,0.010000,"dtype:U32,XD:X5=0x800,XN:X5=0x800,"
SIGNEXT,282123804,SCALAR,10,10,0.010000,"dtype:S32,XD:X0=0x800,XN:X5=0x800,"
DCCI,282124508,FLOWCTRL,1,5,0.000000,"XN:X15=0,"
LD_XD_XN_IMM,282123888,SCALAR,1,5,0.000000,"dtype:B8,XD:X1=0,XN:X30=0x1c8260,IMM:0xd3d,"
LD_XD_XN_IMM,282122860,SCALAR,1,5,0.000000,"dtype:B32,XD:X3=0,XN:X30=0x1c8260,IMM:0x914,"
LD_XD_XN_IMM,282123848,SCALAR,1,5,0.000000,"dtype:B64,XD:X0=0,XN:X30=0x1c8260,IMM:0x880,"
LD_XD_XN_IMM,282123844,SCALAR,1,5,0.000000,"dtype:B64,XD:X2=0,XN:X30=0x1c8260,IMM:0x878,"
MADD,282122032,SCALAR,1,3,0.000000,"dtype:S64,XD:X29=0x1c7fa0,XN:X15=0x18,XM:X17=0x8000,"
ZEROEXT,282123248,SCALAR,2,2,0.000000,"dtype:U32,XD:X2=0xc,XN:X2=0xc,"
MOV_XD_IMM,282123252,SCALAR,2,2,0.000000,"XD:X17=0x1,IMM:0x1,"
SHL,282123256,SCALAR,2,2,0.000000,"dtype:B64,XD:X17=0x1000,XN:X2=0xc,DATA_SRC:XN,IMM:0,"
ZEROEXT,282123260,SCALAR,2,2,0.000000,"dtype:U32,XD:X2=0x1000,XN:X17=0x1000,"
MAX,282123264,SCALAR,2,2,0.000000,"dtype:S64,XD:X5=0x1000,XN:X2=0x1000,XM:X21=0x8,"
MOV_XD_IMM,282123136,SCALAR,2,2,0.000000,"XD:X1=0x2000,IMM:0x2000,"
SUB,282123244,SCALAR,2,2,0.000000,"dtype:S64,XD:X2=0xc,XN:X20=0x3f,XM:X19=0x33,"
ZEROEXT,282123272,SCALAR,2,2,0.000000,"dtype:U32,XD:X14=0x6020,XN:X8=0x6020,"
ADD,282123236,SCALAR,2,2,0.000000,"dtype:S64,XD:X1=0x11311a00,XN:X22=0x11311a00,XM:X1=0,"
SHL,282123228,SCALAR,2,2,0.000000,"dtype:B64,XD:X1=0,DATA_SRC:IMM,IMM:0x1,"
ADD,282123220,SCALAR,2,2,0.000000,"dtype:S64,XD:X1=0,XN:X1=0,XM:X11=0,"
MOV_SPR_XN,282123200,SCALAR,2,2,0.000000,"SPR:CONDITION_FLAG,XN:X0=0x1,"
MOV_XD_IMM,282123196,SCALAR,2,2,0.000000,"XD:X31=0,IMM:0,"
AND,282123192,SCALAR,2,2,0.000000,"dtype:B64,XD:X0=0x1,XN:X31=0x1,XM:X6=0x1,"
INSERT_XD,282123184,SCALAR,2,2,0.000000,"XD:X0=0,IMM:0,POSITION:0x38,EXT:0,"
MOV_XD_SPR,282123180,SCALAR,2,2,0.000000,"XD:X0=0x100000000000000,SPR:CTRL,"
MOVK,282123168,SCALAR,2,2,0.000000,"XD:X0=0x100080808010101,IMM:0x100,UIMM:0x3,"
MOVK,282123164,SCALAR,2,2,0.000000,"XD:X0=0x80808010101,IMM:0x808,UIMM:0x2,"
MOVK,282123160,SCALAR,2,2,0.000000,"XD:X0=0x8010101,IMM:0x801,UIMM:0x1,"
MOV_XD_IMM,282123156,SCALAR,2,2,0.000000,"XD:X0=0x101,IMM:0x101,"
INSERT_XD,282123148,SCALAR,2,2,0.000000,"XD:X0=0x100000000000000,IMM:0x1,POSITION:0x38,EXT:0,"
MOV_XD_SPR,282123144,SCALAR,2,2,0.000000,"XD:X0=0x100000000000000,SPR:CTRL,"
MOV_XD_IMM,282123104,SCALAR,2,2,0.000000,"XD:X0=0,IMM:0,"
MOV_XD_IMM,282123112,SCALAR,2,2,0.000000,"XD:X0=0x40,IMM:0x40,"
MOVK,282123740,SCALAR,2,2,0.000000,"XD:X2=0x8010101,IMM:0x801,UIMM:0x1,"
ZEROEXT,282123380,SCALAR,2,2,0.000000,"dtype:U32,XD:X18=0x1000010,XN:X18=0x1000010,"
ZEROEXT,282123384,SCALAR,2,2,0.000000,"dtype:U32,XD:X1=0xa020,XN:X9=0xa020,"
OR,282123388,SCALAR,2,2,0.000000,"dtype:B64,XD:X17=0x10001000010,XN:X17=0x10000000000,XM:X18=0x1000010,"
CMP,282123392,SCALAR,2,2,0.000000,"dtype:U64,XN:X5=0x800,XM:X0=0x7ff,cond_op:GT,"
SIGNEXT,282123720,SCALAR,2,2,0.000000,"dtype:S32,XD:X0=0x800,XN:X2=0x800,"
MOV_XD_XN,282123728,SCALAR,2,2,0.000000,"dtype:S64,XD:X0=0x800,XN:X5=0x800,"
MOV_XD_IMM,282123732,SCALAR,2,2,0.000000,"XD:X2=0x101,IMM:0x101,"
SHL,282123736,SCALAR,2,2,0.000000,"dtype:B64,XD:X0=0x2000,DATA_SRC:IMM,IMM:0x2,"
MOV_XD_SPR,282123296,SCALAR,2,2,0.000000,"XD:X1=0,SPR:CTRL,"
ADD,282123744,SCALAR,2,2,0.000000,"dtype:S64,XD:X0=0x8020,XN:X0=0x2000,XM:X8=0x6020,"
MOVK,282123748,SCALAR,2,2,0.000000,"XD:X2=0x80808010101,IMM:0x808,UIMM:0x2,"
ZEROEXT,282123752,SCALAR,2,2,0.000000,"dtype:U32,XD:X0=0x8020,XN:X0=0x8020,"
MOVK,282123756,SCALAR,2,2,0.000000,"XD:X2=0x100080808010101,IMM:0x100,UIMM:0x3,"
MOV_XD_SPR,282123772,SCALAR,2,2,0.000000,"XD:X0=0x100000000000000,SPR:CTRL,"
INSERT_XD,282123776,SCALAR,2,2,0.000000,"XD:X0=0x100000000000000,IMM:0x1,POSITION:0x38,EXT:0,"
MOV_XD_IMM,282123784,SCALAR,2,2,0.000000,"XD:X0=0x41,IMM:0x41,"
CMP,282123788,SCALAR,2,2,0.000000,"dtype:U64,XN:X5=0x800,XM:X0=0x41,cond_op:LT,"
INSERT_XD,282123372,SCALAR,2,2,0.000000,"XD:X18=0x1000010,IMM:0x1,POSITION:0x4,EXT:0,"
MOV_XD_IMM,282123276,SCALAR,2,2,0.000000,"XD:X0=0x7ff,IMM:0x7ff,"
INSERT_XD,282123300,SCALAR,2,2,0.000000,"XD:X1=0x100000000000000,IMM:0x1,POSITION:0x38,EXT:0,"
ZEROEXT,282123308,SCALAR,2,2,0.000000,"dtype:U32,XD:X1=0x33,XN:X19=0x33,"
CMP_IMM,282123312,SCALAR,2,2,0.000000,"dtype:S64,XN:X1=0x33,IMM:0x33,cond_op:EQ,"
MOV_XD_SPR,282123316,SCALAR,2,2,0.000000,"XD:X1=0x1,SPR:CONDITION_FLAG,"
SHR,282123320,SCALAR,2,2,0.000000,"dtype:U64,XD:X5=0x800,XN:X1=0x1,DATA_SRC:XN,IMM:0,"
MOV_XD_XN,282123324,SCALAR,2,2,0.000000,"dtype:S64,XD:X28=0x800,XN:X5=0x800,"
SHR,282123332,SCALAR,2,2,0.000000,"dtype:U64,XD:X28=0x100,DATA_SRC:IMM,IMM:0x3,"
SUB,282123336,SCALAR,2,2,0.000000,"dtype:S64,XD:X1=0,XN:X15=0x1000,XM:X17=0x1000,"
SUB,282123340,SCALAR,2,2,0.000000,"dtype:S64,XD:X17=0x800,XN:X15=0x1000,XM:X5=0x800,"
MOV_XD_XN,282123344,SCALAR,2,2,0.000000,"dtype:S64,XD:X18=0x100,XN:X28=0x100,"
SEL,282123348,SCALAR,2,2,0.000000,"dtype:B64,XD:X2=0x800,XN:X17=0x800,XM:X1=0,"
SHR,282123352,SCALAR,2,2,0.000000,"dtype:U64,XD:X17=0x100,DATA_SRC:IMM,IMM:0x3,"
SHL,282123356,SCALAR,2,2,0.000000,"dtype:B64,XD:X18=0x1000000,DATA_SRC:IMM,IMM:0x10,"
ZEROEXT,282123368,SCALAR,2,2,0.000000,"dtype:U16,XD:X17=0x100,XN:X17=0x100,"
SHL,282123376,SCALAR,2,2,0.000000,"dtype:B64,XD:X17=0x10000000000,DATA_SRC:IMM,IMM:0x20,"
MOV_XD_IMM,282123852,SCALAR,1,1,0.000000,"XD:X1=0x4,IMM:0x4,"
SHL,282123856,SCALAR,1,1,0.000000,"dtype:B64,XD:X2=0,DATA_SRC:IMM,IMM:0x2,"
MOV_XD_IMM,282123860,SCALAR,1,1,0.000000,"XD:X4=0,IMM:0,"
ADD,282123868,SCALAR,1,1,0.000000,"dtype:S64,XD:X2=0x11319c00,XN:X0=0x11319c00,XM:X2=0,"
MOVK,282123872,SCALAR,1,1,0.000000,"XD:X4=0x400000000,IMM:0x4,UIMM:0x2,"
MOVX8_XD_IMM,282123876,SCALAR,1,1,0.000000,"XD:X5=0x40010,IMM:0x8002,"
MOV_XD_IMM,282124500,SCALAR,1,1,0.000000,"XD:X15=0,IMM:0,"
MOVK,282121996,SCALAR,1,1,0.000000,"XD:X29=0x107fa0,IMM:0x10,UIMM:0x1,"
ZEROEXT,282122288,SCALAR,1,1,0.000000,"dtype:U8,XD:X2=0x1,XN:X3=0x1,"
SUB_IMM,282122172,SCALAR,1,1,0.000000,"dtype:S64,XD:X1=0x1c7b40,XN:X30=0x1c8260,IMM:0x720,"
SUB_IMM,282122176,SCALAR,1,1,0.000000,"dtype:S64,XD:X0=0x1c7ad0,XN:X30=0x1c8260,IMM:0x790,"
SHR,282122188,SCALAR,1,1,0.000000,"dtype:U64,XD:X0=0x38,DATA_SRC:IMM,IMM:0xf,"
SHL,282122192,SCALAR,1,1,0.000000,"dtype:B64,XD:X0=0x1c0000,DATA_SRC:IMM,IMM:0xf,"
ADD_IMM,282122196,SCALAR,1,1,0.000000,"dtype:S64,XD:X0=0x1c0008,XN:X0=0x1c0000,IMM:0x8,"
SUB_IMM,282122200,SCALAR,1,1,0.000000,"dtype:S64,XD:X1=0x1c7ae8,XN:X30=0x1c8260,IMM:0x778,"
MOV_XD_IMM,282122212,SCALAR,1,1,0.000000,"XD:X0=0x100,IMM:0x100,"
MOVX8_XD_IMM,282122216,SCALAR,1,1,0.000000,"XD:X1=0x2ff00,IMM:0x5fe0,"
MOVK,282122220,SCALAR,1,1,0.000000,"XD:X0=0xfffd0100,IMM:0xfffd,UIMM:0x1,"
NEG,282122240,SCALAR,1,1,0.000000,"dtype:S64,XD:X0=0xffffffff0002ff00,XN:X0=0xfffd0100,"
MOV_XD_IMM,282122248,SCALAR,1,1,0.000000,"XD:X1=0x1,IMM:0x1,"
ADD_IMM,282122284,SCALAR,1,1,0.000000,"dtype:S64,XD:X3=0x1,XN:X3=0,IMM:0x1,"
SUB_IMM,282122156,SCALAR,1,1,0.000000,"dtype:S64,XD:X1=0x1c7b10,XN:X30=0x1c8260,IMM:0x750,"
ZEROEXT,282122292,SCALAR,1,1,0.000000,"dtype:U8,XD:X5=0x1,XN:X1=0x1,"
ADD_IMM,282122296,SCALAR,1,1,0.000000,"dtype:S64,XD:X4=0x1c7b83,XN:X4=0x1c7b73,IMM:0x10,"
CMP_IMM,282122312,SCALAR,1,1,0.000000,"dtype:S64,XN:X5=0xff,IMM:0xff,cond_op:EQ,"
MOV_XD_IMM,282122844,SCALAR,1,1,0.000000,"XD:X5=0x4000,IMM:0x4000,"
MOV_XD_SPR,282122848,SCALAR,1,1,0.000000,"XD:X1=0x2,SPR:SUBBLOCKDIM,"
MOV_XD_SPR,282122852,SCALAR,1,1,0.000000,"XD:X1=0,SPR:SUBBLOCKID,"
MOV_XD_SPR,282122864,SCALAR,1,1,0.000000,"XD:X0=0,SPR:SUBBLOCKID,"
MOV_XD_IMM,282122872,SCALAR,1,1,0.000000,"XD:X7=0x1,IMM:0x1,"
MOV_XD_SPR,282122876,SCALAR,1,1,0.000000,"XD:X5=0,SPR:CTRL,"
MOVK,282122880,SCALAR,1,1,0.000000,"XD:X7=0x10001,IMM:0x1,UIMM:0x1,"
INSERT_XD,282122884,SCALAR,1,1,0.000000,"XD:X5=0x100000000000000,IMM:0x1,POSITION:0x38,EXT:0,"
MOVK,282122888,SCALAR,1,1,0.000000,"XD:X7=0x800010001,IMM:0x8,UIMM:0x2,"
MOV_XD_IMM,282122060,SCALAR,1,1,0.000000,"XD:X3=0,IMM:0,"
MOV_XD_IMM,282121992,SCALAR,1,1,0.000000,"XD:X29=0x7fa0,IMM:0x7fa0,"
MOV_XD_SPR,282122000,SCALAR,1,1,0.000000,"XD:X15=0,SPR:SYS_VA_BASE,"
ADD,282122004,SCALAR,1,1,0.000000,"dtype:S64,XD:X29=0x107fa0,XN:X29=0x107fa0,XM:X15=0,"
MOV_XD_SPR,282122008,SCALAR,1,1,0.000000,"XD:X15=0x18,SPR:COREID,"
MOV_XD_IMM,282122012,SCALAR,1,1,0.000000,"XD:X16=0x7fff,IMM:0x7fff,"
MOV_XD_IMM,282122016,SCALAR,1,1,0.000000,"XD:X0=0x1,IMM:0x1,"
AND,282122020,SCALAR,1,1,0.000000,"dtype:B64,XD:X15=0x18,XN:X15=0x18,XM:X16=0x7fff,"
MOV_XD_IMM,282122024,SCALAR,1,1,0.000000,"XD:X17=0x8000,IMM:0x8000,"
NEG,282122028,SCALAR,1,1,0.000000,"dtype:S64,XD:X0=0xffffffffffffffff,XN:X0=0x1,"
ADD_IMM,282122044,SCALAR,1,1,0.000000,"dtype:S64,XD:X30=0x1c8260,XN:X29=0x1c7fa0,IMM:0x2c0,"
MOV_XD_SPR,282122048,SCALAR,1,1,0.000000,"XD:X0=0x1022be00,SPR:PARA_BASE,"
MOV_XD_IMM,282122052,SCALAR,1,1,0.000000,"XD:X2=0,IMM:0,"
MOV_XD_IMM,282123084,SCALAR,1,1,0.000000,"XD:X1=0,IMM:0,"
MOV_XD_SPR,282122068,SCALAR,1,1,0.000000,"XD:X0=0,SPR:CTRL,"
INSERT_XD_XN,282122072,SCALAR,1,1,0.000000,"XD:X0=0,XN:X2=0,IMM:0x6,UIMM:0x2,"
MOV_XD_SPR,282122080,SCALAR,1,1,0.000000,"XD:X0=0,SPR:CTRL,"
INSERT_XD,282122084,SCALAR,1,1,0.000000,"XD:X0=0,IMM:0,POSITION:0x38,EXT:0,"
MOVX8_XD_IMM,282122092,SCALAR,1,1,0.000000,"XD:X0=0x7ff80,IMM:0xfff0,"
MOV_XD_IMM,282122096,SCALAR,1,1,0.000000,"XD:X1=0x1,IMM:0x1,"
NEG,282122104,SCALAR,1,1,0.000000,"dtype:S64,XD:X1=0xffffffffffffffff,XN:X1=0x1,"
SUB_IMM,282122108,SCALAR,1,1,0.000000,"dtype:S64,XD:X0=0x1c7b60,XN:X30=0x1c8260,IMM:0x700,"
SUB_IMM,282122128,SCALAR,1,1,0.000000,"dtype:S64,XD:X0=0x1c7af0,XN:X30=0x1c8260,IMM:0x770,"
MOV_XD_IMM,282122140,SCALAR,1,1,0.000000,"XD:X2=0x101,IMM:0x101,"
SUB_IMM,282122144,SCALAR,1,1,0.000000,"dtype:S64,XD:X0=0x1c7b20,XN:X30=0x1c8260,IMM:0x740,"
SUB_IMM,282122148,SCALAR,1,1,0.000000,"dtype:S64,XD:X4=0x1c7b73,XN:X30=0x1c8260,IMM:0x6ed,"
MOVK,282123016,SCALAR,1,1,0.000000,"XD:X29=0x10101,IMM:0x1,UIMM:0x1,"
MOVK,282122972,SCALAR,1,1,0.000000,"XD:X24=0x40800010001,IMM:0x408,UIMM:0x2,"
MOV_XD_IMM,282122980,SCALAR,1,1,0.000000,"XD:X5=0x6020,IMM:0x6020,"
MOV_XD_SPR,282122984,SCALAR,1,1,0.000000,"XD:X11=0x100000000000000,SPR:CTRL,"
ADD,282122988,SCALAR,1,1,0.000000,"dtype:S64,XD:X8=0x6020,XN:X3=0,XM:X5=0x6020,"
MOV_XD_IMM,282122992,SCALAR,1,1,0.000000,"XD:X5=0xe020,IMM:0xe020,"
INSERT_XD,282122996,SCALAR,1,1,0.000000,"XD:X11=0,IMM:0,POSITION:0x38,EXT:0,"
ADD,282123000,SCALAR,1,1,0.000000,"dtype:S64,XD:X5=0xe020,XN:X3=0,XM:X5=0xe020,"
MOV_XD_IMM,282123068,SCALAR,1,1,0.000000,"XD:X25=0x81,IMM:0x81,"
MOV_XD_IMM,282123064,SCALAR,1,1,0.000000,"XD:X21=0x8,IMM:0x8,"
MOV_XD_XN,282123008,SCALAR,1,1,0.000000,"dtype:S64,XD:X11=0,XN:X0=0,"
MOVK,282123012,SCALAR,1,1,0.000000,"XD:X26=0x80800010001,IMM:0x808,UIMM:0x2,"
MOV_XD_IMM,282122968,SCALAR,1,1,0.000000,"XD:X15=0x1000,IMM:0x1000,"
ADD,282123020,SCALAR,1,1,0.000000,"dtype:S64,XD:X9=0xa020,XN:X3=0,XM:X9=0xa020,"
MOV_XD_IMM,282123060,SCALAR,1,1,0.000000,"XD:X20=0x3f,IMM:0x3f,"
NEG,282123024,SCALAR,1,1,0.000000,"dtype:S64,XD:X10=0xffffffffffffffff,XN:X10=0x1,"
CLZ,282123056,SCALAR,1,1,0.000000,"dtype:B64,XD:X19=0x33,XN:X15=0x1000,"
MOVK,282123052,SCALAR,1,1,0.000000,"XD:X26=0x100080800010001,IMM:0x100,UIMM:0x3,"
MOVK,282123048,SCALAR,1,1,0.000000,"XD:X24=0x100040800010001,IMM:0x100,UIMM:0x3,"
SHL,282123028,SCALAR,1,1,0.000000,"dtype:B64,XD:X11=0,DATA_SRC:IMM,IMM:0xc,"
MOV_XD_IMM,282123032,SCALAR,1,1,0.000000,"XD:X12=0x2,IMM:0x2,"
ZEROEXT,282123036,SCALAR,1,1,0.000000,"dtype:U32,XD:X13=0x20,XN:X1=0x20,"
ZEROEXT,282123044,SCALAR,1,1,0.000000,"dtype:U32,XD:X16=0x2020,XN:X2=0x2020,"
MOVK,282123040,SCALAR,1,1,0.000000,"XD:X23=0x30001000010,IMM:0x300,UIMM:0x2,"
MOV_XD_IMM,282123080,SCALAR,1,1,0.000000,"XD:X31=0x1,IMM:0x1,"
MOV_XD_IMM,282122896,SCALAR,1,1,0.000000,"XD:X6=0x1,IMM:0x1,"
MOV_XD_IMM,282122892,SCALAR,1,1,0.000000,"XD:X4=0,IMM:0,"
MOVK,282122904,SCALAR,1,1,0.000000,"XD:X7=0x100000800010001,IMM:0x100,UIMM:0x3,"
MOV_XD_IMM,282122908,SCALAR,1,1,0.000000,"XD:X5=0,IMM:0,"
MOV_XD_IMM,282122916,SCALAR,1,1,0.000000,"XD:X24=0x1,IMM:0x1,"
MOV_XD_IMM,282122920,SCALAR,1,1,0.000000,"XD:X26=0x1,IMM:0x1,"
MOV_XD_IMM,282122924,SCALAR,1,1,0.000000,"XD:X2=0x2020,IMM:0x2020,"
MOV_XD_IMM,282122928,SCALAR,1,1,0.000000,"XD:X23=0x10,IMM:0x10,"
MOVK,282122932,SCALAR,1,1,0.000000,"XD:X24=0x10001,IMM:0x1,UIMM:0x1,"
MOVK,282122936,SCALAR,1,1,0.000000,"XD:X26=0x10001,IMM:0x1,UIMM:0x1,"
MOV_XD_IMM,282122940,SCALAR,1,1,0.000000,"XD:X29=0x101,IMM:0x101,"
MOVK,282123076,SCALAR,1,1,0.000000,"XD:X29=0x100000000010101,IMM:0x100,UIMM:0x3,"
ADD_IMM,282122948,SCALAR,1,1,0.000000,"dtype:S64,XD:X1=0x20,XN:X3=0,IMM:0x20,"
ZEROEXT,282123072,SCALAR,1,1,0.000000,"dtype:U32,XD:X27=0xe020,XN:X5=0xe020,"
ADD,282122952,SCALAR,1,1,0.000000,"dtype:S64,XD:X2=0x2020,XN:X3=0,XM:X2=0x2020,"
MOV_XD_IMM,282122956,SCALAR,1,1,0.000000,"XD:X9=0xa020,IMM:0xa020,"
MOV_XD_IMM,282122960,SCALAR,1,1,0.000000,"XD:X10=0x1,IMM:0x1,"
MOVK,282122964,SCALAR,1,1,0.000000,"XD:X23=0x1000010,IMM:0x100,UIMM:0x1,"
MOV_SPR_XN,282123152,SCALAR,2,0,0.000000,"SPR:CTRL,XN:X0=0x100000000000000,"
JUMPCMP,282123892,FLOWCTRL,1,0,0.000000,"TargetPC:0,CMP_dtype:S64,XN:X1=0x1,Condition_op:1,FC_type:IMM,IMM:0x98CMP_type:IMM,UIMM:0,"
END,282124512,FLOWCTRL,1,0,0.000000,""
NOP,282124504,FLOWCTRL,1,0,0.000000,""
JUMP,282123100,FLOWCTRL,1,0,0.000000,"TargetPC:0x10d0dbd4"
MOV_SPR_XN,282123188,SCALAR,2,0,0.000000,"SPR:CTRL,XN:X0=0,"
MOV_SPR_XN,282123004,SCALAR,1,0,0.000000,"SPR:CTRL,XN:X11=0,"
MOV_SPR_XN,282122900,SCALAR,1,0,0.000000,"SPR:CTRL,XN:X5=0x100000000000000,"
BAR,282122868,VECTOR,1,0,0.000000,"PIPE:VEC"
JUMPC,282122316,FLOWCTRL,1,0,0.000000,"TargetPC:0x10d0d850,cond_flag:1"
JUMP,282122304,FLOWCTRL,1,0,0.000000,"TargetPC:0x10d0d844"
JUMPCMP,282122300,FLOWCTRL,1,0,0.000000,"TargetPC:0,CMP_dtype:U64,XN:X2=0x1,Condition_op:2,FC_type:IMM,IMM:0x2CMP_type:REG,XM:X5=0x1,"
MOV_SPR_XN,282123304,SCALAR,2,0,0.000000,"SPR:CTRL,XN:X1=0x100000000000000,"
JUMPC,282123416,FLOWCTRL,2,0,0.000000,"TargetPC:0x10d0dc9c,cond_flag:1"
JUMP,282122264,FLOWCTRL,1,0,0.000000,"TargetPC:0x10d0d844"
JUMP,282123840,FLOWCTRL,2,0,0.000000,"TargetPC:0x10d0db60"
MOV_SPR_XN,282123780,SCALAR,2,0,0.000000,"SPR:CTRL,XN:X0=0x100000000000000,"
JUMPC,282123800,FLOWCTRL,2,0,0.000000,"TargetPC:0x10d0de1c,cond_flag:0"
JUMP,282123216,FLOWCTRL,1,0,0.000000,"TargetPC:0x10d0de44"
JUMPC,282123212,FLOWCTRL,2,0,0.000000,"TargetPC:0x10d0dbd0,cond_flag:1"
MOV_SPR_XN,282122088,SCALAR,1,0,0.000000,"SPR:CTRL,XN:X0=0,"
MOV_SPR_XN,282122076,SCALAR,1,0,0.000000,"SPR:CTRL,XN:X0=0,"
JUMPC,282123836,FLOWCTRL,10,0,0.000000,"TargetPC:0x10d0de40,cond_flag:1"
