block_id,sub_block_id,aic_time(us),aic_total_cycles,aic_write_cache_hit,aic_write_cache_miss_allocate,aic_r0_read_cache_hit,aic_r0_read_cache_miss_allocate,aic_r1_read_cache_hit,aic_r1_read_cache_miss_allocate,aic_write_hit_rate(%),aic_read_hit_rate(%),aic_total_hit_rate(%),aiv_time(us),aiv_total_cycles,aiv_write_cache_hit,aiv_write_cache_miss_allocate,aiv_r0_read_cache_hit,aiv_r0_read_cache_miss_allocate,aiv_r1_read_cache_hit,aiv_r1_read_cache_miss_allocate,aiv_write_hit_rate(%),aiv_read_hit_rate(%),aiv_total_hit_rate(%),
0,cube0,0.495152,817,1,0,0,1,0,0,100.000000,0.000000,50.000000,NA,NA,NA,NA,NA,NA,NA,NA,NA,NA,NA,
0,vector0,NA,NA,NA,NA,NA,NA,NA,NA,NA,NA,NA,26.777576,44183,1089,320,384,1026,384,1024,77.288857,27.253370,43.931866,
0,vector1,NA,NA,NA,NA,NA,NA,NA,NA,NA,NA,NA,26.663031,43994,1,1408,1,1405,0,1412,0.070972,0.035486,0.047315,
1,cube0,0.441818,729,1,0,0,1,0,0,100.000000,0.000000,50.000000,NA,NA,NA,NA,NA,NA,NA,NA,NA,NA,NA,
1,vector0,NA,NA,NA,NA,NA,NA,NA,NA,NA,NA,NA,27.037577,44612,321,1088,1025,387,1024,382,22.782114,72.711143,56.068134,
1,vector1,NA,NA,NA,NA,NA,NA,NA,NA,NA,NA,NA,26.770304,44171,1409,0,1403,0,1414,1,100.000000,99.964516,99.976341,
2,cube0,0.458182,756,1,0,0,0,0,1,100.000000,0.000000,50.000000,NA,NA,NA,NA,NA,NA,NA,NA,NA,NA,NA,
2,vector0,NA,NA,NA,NA,NA,NA,NA,NA,NA,NA,NA,26.365454,43503,12,1397,1399,16,1388,15,0.851668,98.899925,66.217178,
2,vector1,NA,NA,NA,NA,NA,NA,NA,NA,NA,NA,NA,26.503031,43730,1409,0,0,1406,1,1411,100.000000,0.035486,33.356991,
3,cube0,0.458182,756,1,0,0,0,0,1,100.000000,0.000000,50.000000,NA,NA,NA,NA,NA,NA,NA,NA,NA,NA,NA,
3,vector0,NA,NA,NA,NA,NA,NA,NA,NA,NA,NA,NA,26.584848,43865,1398,11,22,1390,9,1397,99.219307,1.100071,33.806480,
3,vector1,NA,NA,NA,NA,NA,NA,NA,NA,NA,NA,NA,26.161213,43166,1,1408,1412,1,1405,0,0.070972,99.964516,66.666664,
4,cube0,0.506667,836,1,0,0,0,0,1,100.000000,0.000000,50.000000,NA,NA,NA,NA,NA,NA,NA,NA,NA,NA,NA,
4,vector0,NA,NA,NA,NA,NA,NA,NA,NA,NA,NA,NA,26.389091,43542,31,1378,1405,0,1412,1,2.200142,99.964516,67.376389,
4,vector1,NA,NA,NA,NA,NA,NA,NA,NA,NA,NA,NA,26.817575,44249,1340,69,1,1409,0,1408,95.102913,0.035486,31.724627,
5,cube0,0.457576,755,1,0,0,0,0,1,100.000000,0.000000,50.000000,NA,NA,NA,NA,NA,NA,NA,NA,NA,NA,NA,
5,vector0,NA,NA,NA,NA,NA,NA,NA,NA,NA,NA,NA,26.502424,43729,1379,30,1,1408,0,1409,97.870827,0.035486,32.647266,
5,vector1,NA,NA,NA,NA,NA,NA,NA,NA,NA,NA,NA,27.084242,44689,70,1339,1415,1,1402,0,4.968062,99.964516,68.299026,
6,cube0,0.489091,807,1,0,0,1,0,0,100.000000,0.000000,50.000000,NA,NA,NA,NA,NA,NA,NA,NA,NA,NA,NA,
6,vector0,NA,NA,NA,NA,NA,NA,NA,NA,NA,NA,NA,26.523031,43763,70,1339,1316,86,1329,87,4.968062,93.860893,64.229950,
6,vector1,NA,NA,NA,NA,NA,NA,NA,NA,NA,NA,NA,25.957575,42830,129,1280,1,1408,0,1409,9.155430,0.035486,3.075467,
7,cube0,0.429697,709,1,0,0,1,0,0,100.000000,0.000000,50.000000,NA,NA,NA,NA,NA,NA,NA,NA,NA,NA,NA,
7,vector0,NA,NA,NA,NA,NA,NA,NA,NA,NA,NA,NA,26.229092,43278,1340,69,85,1324,88,1321,95.102913,6.139106,35.793709,
7,vector1,NA,NA,NA,NA,NA,NA,NA,NA,NA,NA,NA,26.149696,43147,1281,128,1408,0,1409,1,90.915543,99.964516,96.948189,
8,cube0,0.502424,829,1,0,0,1,0,0,100.000000,0.000000,50.000000,NA,NA,NA,NA,NA,NA,NA,NA,NA,NA,NA,
8,vector0,NA,NA,NA,NA,NA,NA,NA,NA,NA,NA,NA,26.004242,42907,17,1328,22,1324,25,1319,1.263941,1.747212,1.586121,
8,vector1,NA,NA,NA,NA,NA,NA,NA,NA,NA,NA,NA,26.212727,43251,257,1088,1284,63,1279,64,19.107807,95.278809,69.888474,
9,cube0,0.514545,849,1,0,0,1,0,0,100.000000,0.000000,50.000000,NA,NA,NA,NA,NA,NA,NA,NA,NA,NA,NA,
9,vector0,NA,NA,NA,NA,NA,NA,NA,NA,NA,NA,NA,26.160000,43164,1329,16,1319,24,1324,23,98.810410,98.252785,98.438660,
9,vector1,NA,NA,NA,NA,NA,NA,NA,NA,NA,NA,NA,26.360001,43494,1089,256,63,1283,64,1280,80.966545,4.721189,30.136307,
10,cube0,0.457576,755,1,0,0,0,0,1,100.000000,0.000000,50.000000,NA,NA,NA,NA,NA,NA,NA,NA,NA,NA,NA,
10,vector0,NA,NA,NA,NA,NA,NA,NA,NA,NA,NA,NA,26.062424,43003,1345,0,1,1343,0,1346,100.000000,0.037175,33.358116,
10,vector1,NA,NA,NA,NA,NA,NA,NA,NA,NA,NA,NA,25.433939,41966,1,1344,889,445,906,450,0.074349,66.728622,44.510532,
11,cube0,0.489697,808,1,0,0,1,0,0,100.000000,0.000000,50.000000,NA,NA,NA,NA,NA,NA,NA,NA,NA,NA,NA,
11,vector0,NA,NA,NA,NA,NA,NA,NA,NA,NA,NA,NA,25.822424,42607,1,1344,1355,1,1334,0,0.074349,99.962822,66.666664,
11,vector1,NA,NA,NA,NA,NA,NA,NA,NA,NA,NA,NA,25.829697,42619,1345,0,449,897,446,898,100.000000,33.271374,55.514252,
12,cube0,0.449697,742,1,0,0,0,0,1,100.000000,0.000000,50.000000,NA,NA,NA,NA,NA,NA,NA,NA,NA,NA,NA,
12,vector0,NA,NA,NA,NA,NA,NA,NA,NA,NA,NA,NA,26.112122,43085,184,1161,1217,127,1216,130,13.680298,90.446098,64.857498,
12,vector1,NA,NA,NA,NA,NA,NA,NA,NA,NA,NA,NA,25.583031,42212,822,523,0,1343,1,1346,61.115242,0.037175,20.396530,
13,cube0,0.487273,804,1,0,0,0,0,1,100.000000,0.000000,50.000000,NA,NA,NA,NA,NA,NA,NA,NA,NA,NA,NA,
13,vector0,NA,NA,NA,NA,NA,NA,NA,NA,NA,NA,NA,25.895151,42727,1162,183,128,1219,129,1214,86.394051,9.553904,35.167286,
13,vector1,NA,NA,NA,NA,NA,NA,NA,NA,NA,NA,NA,25.960606,42835,524,821,1354,0,1335,1,38.959106,99.962822,79.628250,
14,cube0,0.437576,722,1,0,0,0,0,1,100.000000,0.000000,50.000000,NA,NA,NA,NA,NA,NA,NA,NA,NA,NA,NA,
14,vector0,NA,NA,NA,NA,NA,NA,NA,NA,NA,NA,NA,27.020000,44583,1345,0,1271,65,1290,64,100.000000,95.204460,96.802971,
14,vector1,NA,NA,NA,NA,NA,NA,NA,NA,NA,NA,NA,26.596970,43885,1,1344,102,1242,103,1243,0.074349,7.620818,5.105329,
15,cube0,0.503030,830,1,0,0,0,0,1,100.000000,0.000000,50.000000,NA,NA,NA,NA,NA,NA,NA,NA,NA,NA,NA,
15,vector0,NA,NA,NA,NA,NA,NA,NA,NA,NA,NA,NA,26.747879,44134,1,1344,65,1281,64,1280,0.074349,4.795539,3.221809,
15,vector1,NA,NA,NA,NA,NA,NA,NA,NA,NA,NA,NA,26.879395,44351,1345,0,1248,102,1237,103,100.000000,92.379181,94.919456,
16,cube0,0.478182,789,1,0,0,0,0,1,100.000000,0.000000,50.000000,NA,NA,NA,NA,NA,NA,NA,NA,NA,NA,NA,
16,vector0,NA,NA,NA,NA,NA,NA,NA,NA,NA,NA,NA,26.876970,44347,508,837,1312,28,1325,25,37.769516,98.029739,77.943001,
16,vector1,NA,NA,NA,NA,NA,NA,NA,NA,NA,NA,NA,25.788485,42551,203,1142,1,1346,0,1343,15.092937,0.037175,5.055762,
17,cube0,0.459394,758,1,0,0,0,0,1,100.000000,0.000000,50.000000,NA,NA,NA,NA,NA,NA,NA,NA,NA,NA,NA,
17,vector0,NA,NA,NA,NA,NA,NA,NA,NA,NA,NA,NA,26.401817,43563,838,507,26,1317,27,1320,62.304832,1.970260,22.081785,
17,vector1,NA,NA,NA,NA,NA,NA,NA,NA,NA,NA,NA,26.050909,42984,1143,202,1333,1,1356,0,84.981415,99.962822,94.969025,
18,cube0,0.450303,743,1,0,0,0,0,1,100.000000,0.000000,50.000000,NA,NA,NA,NA,NA,NA,NA,NA,NA,NA,NA,
18,vector0,NA,NA,NA,NA,NA,NA,NA,NA,NA,NA,NA,26.542425,43795,1345,0,1355,1,1334,0,100.000000,99.962822,99.975220,
18,vector1,NA,NA,NA,NA,NA,NA,NA,NA,NA,NA,NA,26.576969,43852,1,1344,17,1328,16,1329,0.074349,1.226766,0.842627,
19,cube0,0.495152,817,1,0,0,1,0,0,100.000000,0.000000,50.000000,NA,NA,NA,NA,NA,NA,NA,NA,NA,NA,NA,
19,vector0,NA,NA,NA,NA,NA,NA,NA,NA,NA,NA,NA,26.858788,44317,1,1344,0,1345,1,1344,0.074349,0.037175,0.049566,
19,vector1,NA,NA,NA,NA,NA,NA,NA,NA,NA,NA,NA,26.849091,44301,1345,0,1328,16,1329,17,100.000000,98.773232,99.182159,
20,cube0,0.395758,653,1,0,0,0,1,0,100.000000,100.000000,100.000000,NA,NA,NA,NA,NA,NA,NA,NA,NA,NA,NA,
20,vector0,NA,NA,NA,NA,NA,NA,NA,NA,NA,NA,NA,24.115757,39791,1316,29,1,1344,1,1344,97.843864,0.074349,32.664188,
20,vector1,NA,NA,NA,NA,NA,NA,NA,NA,NA,NA,NA,24.845455,40995,1345,0,1,1344,1,1344,100.000000,0.074349,33.382900,
21,cube0,0.334545,552,1,0,0,0,1,0,100.000000,100.000000,100.000000,NA,NA,NA,NA,NA,NA,NA,NA,NA,NA,NA,
21,vector0,NA,NA,NA,NA,NA,NA,NA,NA,NA,NA,NA,24.001818,39603,30,1315,1338,0,1352,0,2.230483,100.000000,67.410164,
21,vector1,NA,NA,NA,NA,NA,NA,NA,NA,NA,NA,NA,24.676970,40717,1,1344,1352,0,1338,0,0.074349,100.000000,66.691452,
22,cube0,0.354545,585,1,0,1,0,0,0,100.000000,100.000000,100.000000,NA,NA,NA,NA,NA,NA,NA,NA,NA,NA,NA,
22,vector0,NA,NA,NA,NA,NA,NA,NA,NA,NA,NA,NA,24.334545,40152,1,1344,0,1342,2,1346,0.074349,0.074349,0.074349,
22,vector1,NA,NA,NA,NA,NA,NA,NA,NA,NA,NA,NA,23.904242,39442,1,1344,1348,0,1342,0,0.074349,100.000000,66.691452,
23,cube0,0.355152,586,1,0,0,0,1,0,100.000000,100.000000,100.000000,NA,NA,NA,NA,NA,NA,NA,NA,NA,NA,NA,
23,vector0,NA,NA,NA,NA,NA,NA,NA,NA,NA,NA,NA,24.569092,40539,1345,0,1345,0,1345,0,100.000000,100.000000,100.000000,
23,vector1,NA,NA,NA,NA,NA,NA,NA,NA,NA,NA,NA,24.079393,39731,1345,0,1,1344,1,1344,100.000000,0.074349,33.382900,
