block_id,sub_block_id,aic_time(us),aic_total_cycles,aic_cube_wait_ratio,aic_mte1_wait_ratio,aic_mte2_wait_ratio,aic_mte3_wait_ratio,aiv_time(us),aiv_total_cycles,aiv_vec_total_cflt_ratio,aiv_vec_bankgroup_cflt_ratio,aiv_vec_bank_cflt_ratio,aiv_vec_resc_cflt_ratio,aiv_vec_mte_cflt_ratio,aiv_vec_wait_ratio,aiv_mte2_wait_ratio,aiv_mte3_wait_ratio,
0,cube0,0.495152,817,0.000000,0.000000,0.000000,0.000000,NA,NA,NA,NA,NA,NA,NA,NA,NA,NA,
0,vector0,NA,NA,NA,NA,NA,NA,26.777576,44183,0.065157,0.064403,0.000755,0.000000,0.000000,0.218445,0.466507,0.479062,
0,vector1,NA,NA,NA,NA,NA,NA,26.663031,43994,0.065157,0.064403,0.000755,0.000000,0.000000,0.218616,0.465672,0.489663,
1,cube0,0.441818,729,0.000000,0.000000,0.000000,0.000000,NA,NA,NA,NA,NA,NA,NA,NA,NA,NA,
1,vector0,NA,NA,NA,NA,NA,NA,27.037577,44612,0.065157,0.064403,0.000755,0.000000,0.000000,0.219931,0.467913,0.475563,
1,vector1,NA,NA,NA,NA,NA,NA,26.770304,44171,0.065157,0.064403,0.000755,0.000000,0.000000,0.211675,0.458994,0.471744,
2,cube0,0.458182,756,0.000000,0.000000,0.000000,0.000000,NA,NA,NA,NA,NA,NA,NA,NA,NA,NA,
2,vector0,NA,NA,NA,NA,NA,NA,26.365454,43503,0.065157,0.064403,0.000755,0.000000,0.000000,0.190074,0.432567,0.458285,
2,vector1,NA,NA,NA,NA,NA,NA,26.503031,43730,0.065157,0.064403,0.000755,0.000000,0.000000,0.195380,0.438776,0.470932,
3,cube0,0.458182,756,0.000000,0.000000,0.000000,0.000000,NA,NA,NA,NA,NA,NA,NA,NA,NA,NA,
3,vector0,NA,NA,NA,NA,NA,NA,26.584848,43865,0.065157,0.064403,0.000755,0.000000,0.000000,0.215026,0.461452,0.476341,
3,vector1,NA,NA,NA,NA,NA,NA,26.161213,43166,0.065157,0.064403,0.000755,0.000000,0.000000,0.211023,0.455609,0.446575,
4,cube0,0.506667,836,0.000000,0.000000,0.000000,0.000000,NA,NA,NA,NA,NA,NA,NA,NA,NA,NA,
4,vector0,NA,NA,NA,NA,NA,NA,26.389091,43542,0.065157,0.064403,0.000755,0.000000,0.000000,0.214477,0.460961,0.448885,
4,vector1,NA,NA,NA,NA,NA,NA,26.817575,44249,0.065157,0.064403,0.000755,0.000000,0.000000,0.221738,0.468794,0.480149,
5,cube0,0.457576,755,0.000000,0.000000,0.000000,0.000000,NA,NA,NA,NA,NA,NA,NA,NA,NA,NA,
5,vector0,NA,NA,NA,NA,NA,NA,26.502424,43729,0.065157,0.064403,0.000755,0.000000,0.000000,0.213425,0.459611,0.471732,
5,vector1,NA,NA,NA,NA,NA,NA,27.084242,44689,0.065157,0.064403,0.000755,0.000000,0.000000,0.219737,0.470715,0.479062,
6,cube0,0.489091,807,0.000000,0.000000,0.000000,0.000000,NA,NA,NA,NA,NA,NA,NA,NA,NA,NA,
6,vector0,NA,NA,NA,NA,NA,NA,26.523031,43763,0.065157,0.064403,0.000755,0.000000,0.000000,0.210486,0.454923,0.468691,
6,vector1,NA,NA,NA,NA,NA,NA,25.957575,42830,0.065157,0.064403,0.000755,0.000000,0.000000,0.206312,0.452167,0.474008,
7,cube0,0.429697,709,0.000000,0.000000,0.000000,0.000000,NA,NA,NA,NA,NA,NA,NA,NA,NA,NA,
7,vector0,NA,NA,NA,NA,NA,NA,26.229092,43278,0.065157,0.064403,0.000755,0.000000,0.000000,0.210074,0.455243,0.469445,
7,vector1,NA,NA,NA,NA,NA,NA,26.149696,43147,0.065157,0.064403,0.000755,0.000000,0.000000,0.204826,0.455437,0.473642,
8,cube0,0.502424,829,0.000000,0.000000,0.000000,0.000000,NA,NA,NA,NA,NA,NA,NA,NA,NA,NA,
8,vector0,NA,NA,NA,NA,NA,NA,26.004242,42907,0.065157,0.064403,0.000755,0.000000,0.000000,0.206941,0.463133,0.467833,
8,vector1,NA,NA,NA,NA,NA,NA,26.212727,43251,0.065157,0.064403,0.000755,0.000000,0.000000,0.211286,0.467479,0.475437,
9,cube0,0.514545,849,0.000000,0.000000,0.000000,0.000000,NA,NA,NA,NA,NA,NA,NA,NA,NA,NA,
9,vector0,NA,NA,NA,NA,NA,NA,26.160000,43164,0.065157,0.064403,0.000755,0.000000,0.000000,0.210280,0.466472,0.464414,
9,vector1,NA,NA,NA,NA,NA,NA,26.360001,43494,0.065157,0.064403,0.000755,0.000000,0.000000,0.213676,0.469869,0.475106,
10,cube0,0.457576,755,0.000000,0.000000,0.000000,0.000000,NA,NA,NA,NA,NA,NA,NA,NA,NA,NA,
10,vector0,NA,NA,NA,NA,NA,NA,26.062424,43003,0.065157,0.064403,0.000755,0.000000,0.000000,0.204242,0.460435,0.469640,
10,vector1,NA,NA,NA,NA,NA,NA,25.433939,41966,0.065157,0.064403,0.000755,0.000000,0.000000,0.195597,0.451790,0.474614,
11,cube0,0.489697,808,0.000000,0.000000,0.000000,0.000000,NA,NA,NA,NA,NA,NA,NA,NA,NA,NA,
11,vector0,NA,NA,NA,NA,NA,NA,25.822424,42607,0.065157,0.064403,0.000755,0.000000,0.000000,0.202481,0.458674,0.470703,
11,vector1,NA,NA,NA,NA,NA,NA,25.829697,42619,0.065157,0.064403,0.000755,0.000000,0.000000,0.201144,0.457336,0.474980,
12,cube0,0.449697,742,0.000000,0.000000,0.000000,0.000000,NA,NA,NA,NA,NA,NA,NA,NA,NA,NA,
12,vector0,NA,NA,NA,NA,NA,NA,26.112122,43085,0.065157,0.064403,0.000755,0.000000,0.000000,0.204025,0.460217,0.469480,
12,vector1,NA,NA,NA,NA,NA,NA,25.583031,42212,0.065157,0.064403,0.000755,0.000000,0.000000,0.198891,0.455083,0.477587,
13,cube0,0.487273,804,0.000000,0.000000,0.000000,0.000000,NA,NA,NA,NA,NA,NA,NA,NA,NA,NA,
13,vector0,NA,NA,NA,NA,NA,NA,25.895151,42727,0.065157,0.064403,0.000755,0.000000,0.000000,0.202070,0.458262,0.466975,
13,vector1,NA,NA,NA,NA,NA,NA,25.960606,42835,0.065157,0.064403,0.000755,0.000000,0.000000,0.201075,0.457267,0.471378,
14,cube0,0.437576,722,0.000000,0.000000,0.000000,0.000000,NA,NA,NA,NA,NA,NA,NA,NA,NA,NA,
14,vector0,NA,NA,NA,NA,NA,NA,27.020000,44583,0.065157,0.064403,0.000755,0.000000,0.000000,0.222379,0.478571,0.478674,
14,vector1,NA,NA,NA,NA,NA,NA,26.596970,43885,0.065157,0.064403,0.000755,0.000000,0.000000,0.213482,0.469674,0.471870,
15,cube0,0.503030,830,0.000000,0.000000,0.000000,0.000000,NA,NA,NA,NA,NA,NA,NA,NA,NA,NA,
15,vector0,NA,NA,NA,NA,NA,NA,26.747879,44134,0.065157,0.064403,0.000755,0.000000,0.000000,0.214694,0.470886,0.485992,
15,vector1,NA,NA,NA,NA,NA,NA,26.879395,44351,0.065157,0.064403,0.000755,0.000000,0.000000,0.212499,0.468691,0.474008,
16,cube0,0.478182,789,0.000000,0.000000,0.000000,0.000000,NA,NA,NA,NA,NA,NA,NA,NA,NA,NA,
16,vector0,NA,NA,NA,NA,NA,NA,26.876970,44347,0.065157,0.064403,0.000755,0.000000,0.000000,0.215037,0.471229,0.455071,
16,vector1,NA,NA,NA,NA,NA,NA,25.788485,42551,0.065157,0.064403,0.000755,0.000000,0.000000,0.197038,0.453230,0.467273,
17,cube0,0.459394,758,0.000000,0.000000,0.000000,0.000000,NA,NA,NA,NA,NA,NA,NA,NA,NA,NA,
17,vector0,NA,NA,NA,NA,NA,NA,26.401817,43563,0.065157,0.064403,0.000755,0.000000,0.000000,0.207318,0.463511,0.455998,
17,vector1,NA,NA,NA,NA,NA,NA,26.050909,42984,0.065157,0.064403,0.000755,0.000000,0.000000,0.197759,0.453951,0.463396,
18,cube0,0.450303,743,0.000000,0.000000,0.000000,0.000000,NA,NA,NA,NA,NA,NA,NA,NA,NA,NA,
18,vector0,NA,NA,NA,NA,NA,NA,26.542425,43795,0.065157,0.064403,0.000755,0.000000,0.000000,0.208874,0.465066,0.469914,
18,vector1,NA,NA,NA,NA,NA,NA,26.576969,43852,0.065157,0.064403,0.000755,0.000000,0.000000,0.209274,0.465466,0.474408,
19,cube0,0.495152,817,0.000000,0.000000,0.000000,0.000000,NA,NA,NA,NA,NA,NA,NA,NA,NA,NA,
19,vector0,NA,NA,NA,NA,NA,NA,26.858788,44317,0.065157,0.064403,0.000755,0.000000,0.000000,0.213368,0.469560,0.472167,
19,vector1,NA,NA,NA,NA,NA,NA,26.849091,44301,0.065157,0.064403,0.000755,0.000000,0.000000,0.213345,0.469537,0.478342,
20,cube0,0.395758,653,0.000000,0.000000,0.000000,0.000000,NA,NA,NA,NA,NA,NA,NA,NA,NA,NA,
20,vector0,NA,NA,NA,NA,NA,NA,24.115757,39791,0.065157,0.064403,0.000755,0.000000,0.000000,0.179668,0.435860,0.452544,
20,vector1,NA,NA,NA,NA,NA,NA,24.845455,40995,0.065157,0.064403,0.000755,0.000000,0.000000,0.193276,0.449468,0.459520,
21,cube0,0.334545,552,0.000000,0.000000,0.000000,0.000000,NA,NA,NA,NA,NA,NA,NA,NA,NA,NA,
21,vector0,NA,NA,NA,NA,NA,NA,24.001818,39603,0.065157,0.064403,0.000755,0.000000,0.000000,0.177130,0.433322,0.452281,
21,vector1,NA,NA,NA,NA,NA,NA,24.676970,40717,0.065157,0.064403,0.000755,0.000000,0.000000,0.189777,0.445969,0.460892,
22,cube0,0.354545,585,0.000000,0.000000,0.000000,0.000000,NA,NA,NA,NA,NA,NA,NA,NA,NA,NA,
22,vector0,NA,NA,NA,NA,NA,NA,24.334545,40152,0.065157,0.064403,0.000755,0.000000,0.000000,0.183270,0.439463,0.448702,
22,vector1,NA,NA,NA,NA,NA,NA,23.904242,39442,0.065157,0.064403,0.000755,0.000000,0.000000,0.175243,0.431435,0.444311,
23,cube0,0.355152,586,0.000000,0.000000,0.000000,0.000000,NA,NA,NA,NA,NA,NA,NA,NA,NA,NA,
23,vector0,NA,NA,NA,NA,NA,NA,24.569092,40539,0.065157,0.064403,0.000755,0.000000,0.000000,0.187216,0.443408,0.451229,
23,vector1,NA,NA,NA,NA,NA,NA,24.079393,39731,0.065157,0.064403,0.000755,0.000000,0.000000,0.177782,0.433974,0.444643,
