"Folder","File","CallMode","CallerCount"
"examples\aclgraph","rms_rope_aclgraph.py","MAIN","0"
"examples\activation","gelu_grad.py","IMPORT_FUNCTION","0"
"examples\activation","gelu_mul.py","IMPORT_FUNCTION","1"
"examples\activation","sigmoid.py","IMPORT_FUNCTION","15"
"examples\activation","sigmoidv2.py","IMPORT_FUNCTION","1"
"examples\activation","sigmoidv2_slice.py","IMPORT_FUNCTION","0"
"examples\activation","silu.py","IMPORT_FUNCTION","7"
"examples\activation","swi_glu.py","IMPORT_FUNCTION","2"
"examples\activation","swi_glu_grad.py","IMPORT_FUNCTION","0"
"examples\activation","swi_glu_v2.py","IMPORT_FUNCTION","0"
"examples\activation","tanh.py","IMPORT_FUNCTION","2"
"examples\attention_sink\example_gqa_sink_bwd_bhsd","example_gqa_sink_bwd_bhsd.py","MAIN","1"
"examples\attention_sink\example_gqa_sink_bwd_bhsd","test_gqa_sink_bwd_bhsd.py","MAIN+TEST","0"
"examples\attention_sink\example_gqa_sink_fwd_varlen","example_gqa_sink_fwd_varlen.py","MAIN","1"
"examples\attention_sink\example_gqa_sink_fwd_varlen","test_gqa_sink_fwd_varlen.py","MAIN+TEST","0"
"examples\autotune","example_gemm_autotune.py","IMPORT_FUNCTION","0"
"examples\autotune","example_gemm_carver.py","IMPORT_FUNCTION","0"
"examples\batch_gemm","batch_gemm.py","MAIN","1"
"examples\batch_gemm","test_batch_gemm.py","TEST","0"
"examples\cann-bench\cummin","example_cummin.py","MAIN+TEST","0"
"examples\cann-bench\gather","gather.py","MAIN","26"
"examples\cann-bench\group_norm","example_group_norm.py","MAIN","0"
"examples\cann-bench\transpose","test_transpose.py","MAIN+TEST","1"
"examples\cann-bench\transpose","transpose.py","MAIN","59"
"examples\causal_conv1d","causal_conv1d.py","MAIN","2"
"examples\causal_conv1d","causal_conv1d_decode.py","MAIN","0"
"examples\causal_conv1d","causal_conv1d_pto.py","MAIN","0"
"examples\compile_flags","compile_flags_example.py","IMPORT_FUNCTION","0"
"examples\cross_entropy_loss","example_cross_entro.py","MAIN","0"
"examples\deepseek_v4","act_quant.py","MAIN","1"
"examples\deepseek_v4","hc_split_sinkhorn.py","MAIN","1"
"examples\deepseek_v4","int8_gemm.py","MAIN","1"
"examples\deepseek_v4","lightning_indexer.py","MAIN","0"
"examples\deepseek_v4","sparse_attention.py","MAIN","16"
"examples\deepseek_v4","test_act_quant.py","TEST","0"
"examples\deepseek_v4","test_hc_split_sinkhorn.py","TEST","0"
"examples\deepseek_v4","test_int8_gemm.py","TEST","0"
"examples\deepseek_v4","test_sparse_attention.py","TEST","0"
"examples\deepseek_v4\sparse_flash_mla","sparse_flash_mla_golden.py","IMPORT_FUNCTION","1"
"examples\developer_mode","flash_attn_bshd_developer.py","IMPORT_FUNCTION","1"
"examples\developer_mode","gelu_mul_developer.py","IMPORT_FUNCTION","0"
"examples\developer_mode","gemm_developer.py","IMPORT_FUNCTION","0"
"examples\developer_mode","matmul_add_developer.py","IMPORT_FUNCTION","0"
"examples\developer_mode","matmul_add_developer_vec_cast.py","IMPORT_FUNCTION","0"
"examples\developer_mode","sparse_flash_attn_developer.py","IMPORT_FUNCTION","0"
"examples\developer_mode","sparse_flash_attn_developer_vid_reduce.py","IMPORT_FUNCTION","0"
"examples\dispatch_combine","dispatch_combine_shmem.py","MAIN","0"
"examples\elementwise","elementwise_add.py","IMPORT_FUNCTION","0"
"examples\elementwise","elementwise_add_pipeline.py","IMPORT_FUNCTION","0"
"examples\exception_dump_test","example_exception_dump.py","IMPORT_FUNCTION","0"
"examples\flash_attention","flash_attn_bhsd.py","MAIN","6"
"examples\flash_attention","flash_attn_bhsd_cc_sync.py","IMPORT_FUNCTION","1"
"examples\flash_attention","paged_flash_attn_bhsd.py","MAIN","0"
"examples\flash_attention","test_flash_attn_bhsd.py","MAIN+TEST","0"
"examples\flash_attention\fa_opt","flash_attn_bhsd_ascendc.py","MAIN","1"
"examples\flash_attention\fa_opt","flash_attn_bhsd_auto_pipeline_h16_d128.py","MAIN","0"
"examples\flash_attention\fa_opt","flash_attn_bhsd_auto_pipeline_h32_d512.py","MAIN","0"
"examples\flash_attention\fa_opt","flash_attn_bhsd_expert_h16_d128.py","MAIN","2"
"examples\fused_sigmoid_gating_delta_rule","fused_sigmoid_gating_delta_rule_varlen.py","MAIN","0"
"examples\fusedmoe","example_fusedmoe.py","MAIN","1"
"examples\fusedmoe","test_fusedmoe.py","MAIN+TEST","0"
"examples\gemm","example_gemm.py","IMPORT_FUNCTION","0"
"examples\gemm","example_gemm_fp8_pto.py","IMPORT_FUNCTION","0"
"examples\gemm","example_gemm_infer_scope.py","IMPORT_FUNCTION","0"
"examples\gemm","example_gemm_intrinsic.py","IMPORT_FUNCTION","0"
"examples\gemm","example_gemm_intrinsic_persistent.py","MAIN","0"
"examples\gemm","example_gemm_persistent.py","MAIN","0"
"examples\gemm","example_gemm_pto_developer.py","IMPORT_FUNCTION","0"
"examples\gemm","example_gemm_tail_block_developer.py","IMPORT_FUNCTION","0"
"examples\gemm","example_gemm_transpose_l1.py","IMPORT_FUNCTION","0"
"examples\gemm_aot","test_example_gemm.py","IMPORT_FUNCTION","0"
"examples\gemv","example_gemv_c.py","MAIN","0"
"examples\gemv","example_gemv_v.py","MAIN","0"
"examples\generative_recommendation","mtgr_ragged_segment_attention.py","MAIN","0"
"examples\gqa_fwd_varlen","gqa_fwd_varlen.py","MAIN","5"
"examples\gqa_fwd_varlen","perf_gqa_fwd_varlen.py","MAIN","1"
"examples\gqa_fwd_varlen","test_gqa_fwd_varlen.py","MAIN+TEST","1"
"examples\HISA","block_sparse_mqa_attn_expert_test.py","MAIN+TEST","1"
"examples\HISA","block_sparse_mqa_attn_expert_test_for_a5.py","MAIN+TEST","0"
"examples\HISA","paged_block_sparse_mqa_attn_expert.py","MAIN+TEST","0"
"examples\linear_attention_and_rnn","gdn_full.py","IMPORT_FUNCTION","0"
"examples\linear_attention_and_rnn","linear_attention_causal.py","IMPORT_FUNCTION","0"
"examples\linear_attention_and_rnn","linear_attention_normalize.py","IMPORT_FUNCTION","0"
"examples\linear_attention_and_rnn","opt_gdn_full.py","IMPORT_FUNCTION","0"
"examples\linear_attention_and_rnn\gdn","gdn_chunk_cumsum.py","MAIN","2"
"examples\linear_attention_and_rnn\gdn","gdn_chunk_h.py","MAIN","2"
"examples\linear_attention_and_rnn\gdn","gdn_chunk_o.py","MAIN","2"
"examples\linear_attention_and_rnn\gdn","gdn_chunk_scaled_dot_kkt.py","MAIN","2"
"examples\linear_attention_and_rnn\gdn","gdn_solve_tril.py","MAIN","2"
"examples\linear_attention_and_rnn\gdn","gdn_wy_fast.py","MAIN","2"
"examples\linear_attention_and_rnn\opt_gdn","opt_gdn_chunk_cumsum.py","MAIN","1"
"examples\linear_attention_and_rnn\opt_gdn","opt_gdn_chunk_h.py","MAIN","1"
"examples\linear_attention_and_rnn\opt_gdn","opt_gdn_chunk_o.py","MAIN","1"
"examples\linear_attention_and_rnn\opt_gdn","opt_gdn_chunk_scaled_dot_kkt.py","MAIN","1"
"examples\linear_attention_and_rnn\opt_gdn","opt_gdn_solve_tril.py","MAIN","1"
"examples\linear_attention_and_rnn\opt_gdn","opt_gdn_wy_fast.py","MAIN","1"
"examples\mha_sink_fwd_bhsd","mha_sink_fwd_bhsd.py","MAIN","1"
"examples\mha_sink_fwd_bhsd","test_mha_sink_fwd_bhsd.py","MAIN+TEST","1"
"examples\moe_token_permute","moe_token_permute.py","MAIN+TEST","2"
"examples\moe_token_permute","moe_token_permute_grad.py","MAIN+TEST","0"
"examples\moe_token_permute","moe_token_unpermute.py","MAIN+TEST","1"
"examples\moe_token_permute","moe_token_unpermute_grad.py","MAIN+TEST","0"
"examples\normalization","layer_norm.py","IMPORT_FUNCTION","0"
"examples\normalization","rms_norm.py","IMPORT_FUNCTION","9"
"examples\pad","example_broadcast.py","MAIN","0"
"examples\pad","example_broadcast_pipeline.py","MAIN","0"
"examples\pipeline","flash_attn_bshd_pipeline.py","IMPORT_FUNCTION","0"
"examples\pipeline","gemm_v0_pipeline.py","IMPORT_FUNCTION","0"
"examples\pipeline","matmul_add_pipeline.py","MAIN","0"
"examples\pipeline","sparse_flash_attn_gqa_pipeline.py","IMPORT_FUNCTION","0"
"examples\pipeline","sparse_flash_attn_gqa_pipeline_pto.py","IMPORT_FUNCTION","0"
"examples\pos_embedding","rms_norm.py","MAIN","9"
"examples\pos_embedding","rms_rope_fused.py","MAIN","3"
"examples\pos_embedding","rms_rope_fused_mask.py","MAIN","1"
"examples\pos_embedding","rope.py","MAIN","30"
"examples\pos_embedding","rope_mask.py","MAIN","2"
"examples\pos_embedding","rope_mask_bwd.py","MAIN","1"
"examples\pos_embedding","test_rms_norm_pos_embedding.py","TEST","0"
"examples\pos_embedding","test_rms_rope_fused.py","TEST","1"
"examples\pos_embedding","test_rms_rope_fused_mask.py","TEST","0"
"examples\pos_embedding","test_rope.py","TEST","3"
"examples\pos_embedding","test_rope_mask.py","TEST","1"
"examples\quant_batch_matmul","example_quant_batch_matmul.py","MAIN","0"
"examples\quant_batch_matmul","example_quant_matmul.py","MAIN","0"
"examples\reduce","example_col_reduce_max_slice_buffer.py","IMPORT_FUNCTION","0"
"examples\reduce","example_reduce_min.py","MAIN","0"
"examples\reduce","example_reduce_min_pipeline.py","MAIN","0"
"examples\reduce","example_row_reduce_max_slice_buffer.py","IMPORT_FUNCTION","0"
"examples\simple_fusion","matmul_add.py","IMPORT_FUNCTION","4"
"examples\simple_fusion","matmul_add_infer_scope.py","IMPORT_FUNCTION","0"
"examples\softmax","example_online_softmax.py","IMPORT_FUNCTION","0"
"examples\sparse_flash_attention","example_sparse_flash_attn.py","IMPORT_FUNCTION","0"
"examples\sparse_flash_attention","example_sparse_flash_attn_dynamic_shape.py","IMPORT_FUNCTION","0"
"examples\sparse_flash_attention","example_sparse_flash_attn_gqa.py","IMPORT_FUNCTION","0"
"examples\sparse_flash_attention","example_sparse_flash_attn_gqa_pto.py","IMPORT_FUNCTION","0"
"examples\sparse_flash_attention","example_sparse_flash_attn_gqa_pto_developer.py","IMPORT_FUNCTION","0"
"examples\sparse_flash_attention","example_sparse_flash_attn_mask.py","IMPORT_FUNCTION","0"
"examples\sparse_flash_attention","example_sparse_flash_attn_mask_pa.py","IMPORT_FUNCTION","0"
"examples\sparse_flash_attention\bench_sfa","bench_sfa.py","TEST","0"
"examples\tail_mask","example_tail_add.py","MAIN","0"
"examples\tile_kernels\mhc","head_compute_mix_kernel.py","MAIN+TEST","0"
"examples\tile_kernels\moe","moe_aux_fi.py","MAIN+TEST","0"
"examples\tile_kernels\moe","moe_topk_gate.py","MAIN+TEST","0"
"examples\tile_kernels\moe","moe_topk_sum_and_topk_group_idx.py","MAIN+TEST","0"
"examples\tile_kernels\quant","per_block_cast_lossless_kernel.py","MAIN+TEST","0"
"examples\torch_tl_ascend","test_source.py","MAIN","0"
"examples\torch_tl_ascend","test_torch.py","MAIN","0"
"examples\unsorted_segment_sum","unsorted_segment_sum.py","MAIN","0"
"examples\xattention","xattention.py","MAIN","1"
"examples\xattention","xattention_paged.py","MAIN","0"
"examples\xllm_kernels","fused_gdn_gating.py","MAIN","1"
"examples\xllm_kernels","rope.py","MAIN","30"
"examples\xllm_kernels","split_qkv_rmsnorm_mrope.py","MAIN","1"
