block_id,sub_block_id,aic_time(us),aic_total_cycles,aic_cube_ratio,aic_cube_fp16_ratio,aic_cube_int8_ratio,aic_cube_fops,aic_cube_total_instr_number,aic_cube_fp_instr_number,aic_cube_int_instr_number,aiv_time(us),aiv_total_cycles,aiv_vec_ratio,aiv_vec_fp32_ratio,aiv_vec_fp16_ratio,aiv_vec_int32_ratio,aiv_vec_int16_ratio,aiv_vec_misc_ratio,aiv_vec_fops,
0,cube0,0.412727,681,0.000000,0.000000,0.000000,0,0,0,0,NA,NA,NA,NA,NA,NA,NA,NA,NA,
0,vector0,NA,NA,NA,NA,NA,NA,NA,NA,NA,28.755152,47446,0.122664,0.108264,0.121796,0.000000,0.000000,0.000865,2647552,
0,vector1,NA,NA,NA,NA,NA,NA,NA,NA,NA,28.660606,47290,0.122664,0.108264,0.121796,0.000000,0.000000,0.000865,2647552,
1,cube0,0.464848,767,0.000000,0.000000,0.000000,0,0,0,0,NA,NA,NA,NA,NA,NA,NA,NA,NA,
1,vector0,NA,NA,NA,NA,NA,NA,NA,NA,NA,28.207273,46542,0.122664,0.108264,0.121796,0.000000,0.000000,0.000865,2647552,
1,vector1,NA,NA,NA,NA,NA,NA,NA,NA,NA,28.244242,46603,0.122664,0.108264,0.121796,0.000000,0.000000,0.000865,2647552,
2,cube0,0.423636,699,0.000000,0.000000,0.000000,0,0,0,0,NA,NA,NA,NA,NA,NA,NA,NA,NA,
2,vector0,NA,NA,NA,NA,NA,NA,NA,NA,NA,29.216970,48208,0.122664,0.108264,0.121796,0.000000,0.000000,0.000865,2647552,
2,vector1,NA,NA,NA,NA,NA,NA,NA,NA,NA,29.058788,47947,0.122664,0.108264,0.121796,0.000000,0.000000,0.000865,2647552,
3,cube0,0.481212,794,0.000000,0.000000,0.000000,0,0,0,0,NA,NA,NA,NA,NA,NA,NA,NA,NA,
3,vector0,NA,NA,NA,NA,NA,NA,NA,NA,NA,29.314545,48369,0.122664,0.108264,0.121796,0.000000,0.000000,0.000865,2647552,
3,vector1,NA,NA,NA,NA,NA,NA,NA,NA,NA,28.205454,46539,0.122664,0.108264,0.121796,0.000000,0.000000,0.000865,2647552,
4,cube0,0.461818,762,0.000000,0.000000,0.000000,0,0,0,0,NA,NA,NA,NA,NA,NA,NA,NA,NA,
4,vector0,NA,NA,NA,NA,NA,NA,NA,NA,NA,28.164848,46472,0.122664,0.108264,0.121796,0.000000,0.000000,0.000865,2647552,
4,vector1,NA,NA,NA,NA,NA,NA,NA,NA,NA,28.501213,47027,0.122664,0.108264,0.121796,0.000000,0.000000,0.000865,2647552,
5,cube0,0.409697,676,0.000000,0.000000,0.000000,0,0,0,0,NA,NA,NA,NA,NA,NA,NA,NA,NA,
5,vector0,NA,NA,NA,NA,NA,NA,NA,NA,NA,27.741817,45774,0.122664,0.108264,0.121796,0.000000,0.000000,0.000865,2647552,
5,vector1,NA,NA,NA,NA,NA,NA,NA,NA,NA,28.013334,46222,0.122664,0.108264,0.121796,0.000000,0.000000,0.000865,2647552,
6,cube0,0.442424,730,0.000000,0.000000,0.000000,0,0,0,0,NA,NA,NA,NA,NA,NA,NA,NA,NA,
6,vector0,NA,NA,NA,NA,NA,NA,NA,NA,NA,28.433332,46915,0.122664,0.108264,0.121796,0.000000,0.000000,0.000865,2647552,
6,vector1,NA,NA,NA,NA,NA,NA,NA,NA,NA,28.076365,46326,0.122664,0.108264,0.121796,0.000000,0.000000,0.000865,2647552,
7,cube0,0.416970,688,0.000000,0.000000,0.000000,0,0,0,0,NA,NA,NA,NA,NA,NA,NA,NA,NA,
7,vector0,NA,NA,NA,NA,NA,NA,NA,NA,NA,28.186666,46508,0.122664,0.108264,0.121796,0.000000,0.000000,0.000865,2647552,
7,vector1,NA,NA,NA,NA,NA,NA,NA,NA,NA,28.643030,47261,0.122664,0.108264,0.121796,0.000000,0.000000,0.000865,2647552,
8,cube0,0.473333,781,0.000000,0.000000,0.000000,0,0,0,0,NA,NA,NA,NA,NA,NA,NA,NA,NA,
8,vector0,NA,NA,NA,NA,NA,NA,NA,NA,NA,28.212122,46550,0.122664,0.108264,0.121796,0.000000,0.000000,0.000865,2647552,
8,vector1,NA,NA,NA,NA,NA,NA,NA,NA,NA,28.246666,46607,0.122664,0.108264,0.121796,0.000000,0.000000,0.000865,2647552,
9,cube0,0.427273,705,0.000000,0.000000,0.000000,0,0,0,0,NA,NA,NA,NA,NA,NA,NA,NA,NA,
9,vector0,NA,NA,NA,NA,NA,NA,NA,NA,NA,27.748486,45785,0.122664,0.108264,0.121796,0.000000,0.000000,0.000865,2647552,
9,vector1,NA,NA,NA,NA,NA,NA,NA,NA,NA,27.850908,45954,0.122664,0.108264,0.121796,0.000000,0.000000,0.000865,2647552,
10,cube0,0.440606,727,0.000000,0.000000,0.000000,0,0,0,0,NA,NA,NA,NA,NA,NA,NA,NA,NA,
10,vector0,NA,NA,NA,NA,NA,NA,NA,NA,NA,28.341818,46764,0.122664,0.108264,0.121796,0.000000,0.000000,0.000865,2647552,
10,vector1,NA,NA,NA,NA,NA,NA,NA,NA,NA,28.369091,46809,0.122664,0.108264,0.121796,0.000000,0.000000,0.000865,2647552,
11,cube0,0.407273,672,0.000000,0.000000,0.000000,0,0,0,0,NA,NA,NA,NA,NA,NA,NA,NA,NA,
11,vector0,NA,NA,NA,NA,NA,NA,NA,NA,NA,28.441818,46929,0.122664,0.108264,0.121796,0.000000,0.000000,0.000865,2647552,
11,vector1,NA,NA,NA,NA,NA,NA,NA,NA,NA,28.532728,47079,0.122664,0.108264,0.121796,0.000000,0.000000,0.000865,2647552,
12,cube0,0.443030,731,0.000000,0.000000,0.000000,0,0,0,0,NA,NA,NA,NA,NA,NA,NA,NA,NA,
12,vector0,NA,NA,NA,NA,NA,NA,NA,NA,NA,28.500000,47025,0.122664,0.108264,0.121796,0.000000,0.000000,0.000865,2647552,
12,vector1,NA,NA,NA,NA,NA,NA,NA,NA,NA,28.333334,46750,0.122664,0.108264,0.121796,0.000000,0.000000,0.000865,2647552,
13,cube0,0.469091,774,0.000000,0.000000,0.000000,0,0,0,0,NA,NA,NA,NA,NA,NA,NA,NA,NA,
13,vector0,NA,NA,NA,NA,NA,NA,NA,NA,NA,27.962423,46138,0.122664,0.108264,0.121796,0.000000,0.000000,0.000865,2647552,
13,vector1,NA,NA,NA,NA,NA,NA,NA,NA,NA,28.341211,46763,0.122664,0.108264,0.121796,0.000000,0.000000,0.000865,2647552,
14,cube0,0.439394,725,0.000000,0.000000,0.000000,0,0,0,0,NA,NA,NA,NA,NA,NA,NA,NA,NA,
14,vector0,NA,NA,NA,NA,NA,NA,NA,NA,NA,28.293333,46684,0.122664,0.108264,0.121796,0.000000,0.000000,0.000865,2647552,
14,vector1,NA,NA,NA,NA,NA,NA,NA,NA,NA,28.453333,46948,0.122664,0.108264,0.121796,0.000000,0.000000,0.000865,2647552,
15,cube0,0.443030,731,0.000000,0.000000,0.000000,0,0,0,0,NA,NA,NA,NA,NA,NA,NA,NA,NA,
15,vector0,NA,NA,NA,NA,NA,NA,NA,NA,NA,29.054546,47940,0.122664,0.108264,0.121796,0.000000,0.000000,0.000865,2647552,
15,vector1,NA,NA,NA,NA,NA,NA,NA,NA,NA,28.968485,47798,0.122664,0.108264,0.121796,0.000000,0.000000,0.000865,2647552,
16,cube0,0.433333,715,0.000000,0.000000,0.000000,0,0,0,0,NA,NA,NA,NA,NA,NA,NA,NA,NA,
16,vector0,NA,NA,NA,NA,NA,NA,NA,NA,NA,28.823637,47559,0.122664,0.108264,0.121796,0.000000,0.000000,0.000865,2647552,
16,vector1,NA,NA,NA,NA,NA,NA,NA,NA,NA,28.683031,47327,0.122664,0.108264,0.121796,0.000000,0.000000,0.000865,2647552,
17,cube0,0.478788,790,0.000000,0.000000,0.000000,0,0,0,0,NA,NA,NA,NA,NA,NA,NA,NA,NA,
17,vector0,NA,NA,NA,NA,NA,NA,NA,NA,NA,28.833939,47576,0.122664,0.108264,0.121796,0.000000,0.000000,0.000865,2647552,
17,vector1,NA,NA,NA,NA,NA,NA,NA,NA,NA,28.906666,47696,0.122664,0.108264,0.121796,0.000000,0.000000,0.000865,2647552,
18,cube0,0.647273,1068,0.000000,0.000000,0.000000,0,0,0,0,NA,NA,NA,NA,NA,NA,NA,NA,NA,
18,vector0,NA,NA,NA,NA,NA,NA,NA,NA,NA,29.538181,48738,0.122664,0.108264,0.121796,0.000000,0.000000,0.000865,2647552,
18,vector1,NA,NA,NA,NA,NA,NA,NA,NA,NA,29.006666,47861,0.122664,0.108264,0.121796,0.000000,0.000000,0.000865,2647552,
19,cube0,0.473333,781,0.000000,0.000000,0.000000,0,0,0,0,NA,NA,NA,NA,NA,NA,NA,NA,NA,
19,vector0,NA,NA,NA,NA,NA,NA,NA,NA,NA,28.985455,47826,0.122664,0.108264,0.121796,0.000000,0.000000,0.000865,2647552,
19,vector1,NA,NA,NA,NA,NA,NA,NA,NA,NA,29.015759,47876,0.122664,0.108264,0.121796,0.000000,0.000000,0.000865,2647552,
20,cube0,0.623636,1029,0.000000,0.000000,0.000000,0,0,0,0,NA,NA,NA,NA,NA,NA,NA,NA,NA,
20,vector0,NA,NA,NA,NA,NA,NA,NA,NA,NA,30.475151,50284,0.122664,0.108264,0.121796,0.000000,0.000000,0.000865,2647552,
20,vector1,NA,NA,NA,NA,NA,NA,NA,NA,NA,30.744848,50729,0.122664,0.108264,0.121796,0.000000,0.000000,0.000865,2647552,
21,cube0,0.361212,596,0.000000,0.000000,0.000000,0,0,0,0,NA,NA,NA,NA,NA,NA,NA,NA,NA,
21,vector0,NA,NA,NA,NA,NA,NA,NA,NA,NA,29.909090,49350,0.122664,0.108264,0.121796,0.000000,0.000000,0.000865,2647552,
21,vector1,NA,NA,NA,NA,NA,NA,NA,NA,NA,30.438787,50224,0.122664,0.108264,0.121796,0.000000,0.000000,0.000865,2647552,
22,cube0,0.327879,541,0.000000,0.000000,0.000000,0,0,0,0,NA,NA,NA,NA,NA,NA,NA,NA,NA,
22,vector0,NA,NA,NA,NA,NA,NA,NA,NA,NA,30.819393,50852,0.122664,0.108264,0.121796,0.000000,0.000000,0.000865,2647552,
22,vector1,NA,NA,NA,NA,NA,NA,NA,NA,NA,30.332121,50048,0.122664,0.108264,0.121796,0.000000,0.000000,0.000865,2647552,
23,cube0,0.325455,537,0.000000,0.000000,0.000000,0,0,0,0,NA,NA,NA,NA,NA,NA,NA,NA,NA,
23,vector0,NA,NA,NA,NA,NA,NA,NA,NA,NA,30.195152,49822,0.122664,0.108264,0.121796,0.000000,0.000000,0.000865,2647552,
23,vector1,NA,NA,NA,NA,NA,NA,NA,NA,NA,30.229092,49878,0.122664,0.108264,0.121796,0.000000,0.000000,0.000865,2647552,
24,cube0,0.354545,585,0.000000,0.000000,0.000000,0,0,0,0,NA,NA,NA,NA,NA,NA,NA,NA,NA,
24,vector0,NA,NA,NA,NA,NA,NA,NA,NA,NA,29.775757,49130,0.122664,0.108264,0.121796,0.000000,0.000000,0.000865,2647552,
24,vector1,NA,NA,NA,NA,NA,NA,NA,NA,NA,30.756969,50749,0.122664,0.108264,0.121796,0.000000,0.000000,0.000865,2647552,
25,cube0,0.306667,506,0.000000,0.000000,0.000000,0,0,0,0,NA,NA,NA,NA,NA,NA,NA,NA,NA,
25,vector0,NA,NA,NA,NA,NA,NA,NA,NA,NA,30.161818,49767,0.122664,0.108264,0.121796,0.000000,0.000000,0.000865,2647552,
25,vector1,NA,NA,NA,NA,NA,NA,NA,NA,NA,29.977575,49463,0.122664,0.108264,0.121796,0.000000,0.000000,0.000865,2647552,
26,cube0,0.336364,555,0.000000,0.000000,0.000000,0,0,0,0,NA,NA,NA,NA,NA,NA,NA,NA,NA,
26,vector0,NA,NA,NA,NA,NA,NA,NA,NA,NA,30.206667,49841,0.122664,0.108264,0.121796,0.000000,0.000000,0.000865,2647552,
26,vector1,NA,NA,NA,NA,NA,NA,NA,NA,NA,30.201818,49833,0.122664,0.108264,0.121796,0.000000,0.000000,0.000865,2647552,
27,cube0,0.311515,514,0.000000,0.000000,0.000000,0,0,0,0,NA,NA,NA,NA,NA,NA,NA,NA,NA,
27,vector0,NA,NA,NA,NA,NA,NA,NA,NA,NA,30.156969,49759,0.122664,0.108264,0.121796,0.000000,0.000000,0.000865,2647552,
27,vector1,NA,NA,NA,NA,NA,NA,NA,NA,NA,29.771515,49123,0.122664,0.108264,0.121796,0.000000,0.000000,0.000865,2647552,
28,cube0,0.373939,617,0.000000,0.000000,0.000000,0,0,0,0,NA,NA,NA,NA,NA,NA,NA,NA,NA,
28,vector0,NA,NA,NA,NA,NA,NA,NA,NA,NA,30.547878,50404,0.122664,0.108264,0.121796,0.000000,0.000000,0.000865,2647552,
28,vector1,NA,NA,NA,NA,NA,NA,NA,NA,NA,30.390303,50144,0.122664,0.108264,0.121796,0.000000,0.000000,0.000865,2647552,
29,cube0,0.326061,538,0.000000,0.000000,0.000000,0,0,0,0,NA,NA,NA,NA,NA,NA,NA,NA,NA,
29,vector0,NA,NA,NA,NA,NA,NA,NA,NA,NA,30.808485,50834,0.122664,0.108264,0.121796,0.000000,0.000000,0.000865,2647552,
29,vector1,NA,NA,NA,NA,NA,NA,NA,NA,NA,30.478182,50289,0.122664,0.108264,0.121796,0.000000,0.000000,0.000865,2647552,
30,cube0,0.332727,549,0.000000,0.000000,0.000000,0,0,0,0,NA,NA,NA,NA,NA,NA,NA,NA,NA,
30,vector0,NA,NA,NA,NA,NA,NA,NA,NA,NA,30.101818,49668,0.122664,0.108264,0.121796,0.000000,0.000000,0.000865,2647552,
30,vector1,NA,NA,NA,NA,NA,NA,NA,NA,NA,30.097576,49661,0.122664,0.108264,0.121796,0.000000,0.000000,0.000865,2647552,
31,cube0,0.303030,500,0.000000,0.000000,0.000000,0,0,0,0,NA,NA,NA,NA,NA,NA,NA,NA,NA,
31,vector0,NA,NA,NA,NA,NA,NA,NA,NA,NA,30.020607,49534,0.122664,0.108264,0.121796,0.000000,0.000000,0.000865,2647552,
31,vector1,NA,NA,NA,NA,NA,NA,NA,NA,NA,29.962423,49438,0.122664,0.108264,0.121796,0.000000,0.000000,0.000865,2647552,
32,cube0,0.343030,566,0.000000,0.000000,0.000000,0,0,0,0,NA,NA,NA,NA,NA,NA,NA,NA,NA,
32,vector0,NA,NA,NA,NA,NA,NA,NA,NA,NA,30.188484,49811,0.122664,0.108264,0.121796,0.000000,0.000000,0.000865,2647552,
32,vector1,NA,NA,NA,NA,NA,NA,NA,NA,NA,31.554546,52065,0.122664,0.108264,0.121796,0.000000,0.000000,0.000865,2647552,
33,cube0,0.361212,596,0.000000,0.000000,0.000000,0,0,0,0,NA,NA,NA,NA,NA,NA,NA,NA,NA,
33,vector0,NA,NA,NA,NA,NA,NA,NA,NA,NA,30.490910,50310,0.122664,0.108264,0.121796,0.000000,0.000000,0.000865,2647552,
33,vector1,NA,NA,NA,NA,NA,NA,NA,NA,NA,30.573334,50446,0.122664,0.108264,0.121796,0.000000,0.000000,0.000865,2647552,
34,cube0,0.344848,569,0.000000,0.000000,0.000000,0,0,0,0,NA,NA,NA,NA,NA,NA,NA,NA,NA,
34,vector0,NA,NA,NA,NA,NA,NA,NA,NA,NA,30.966667,51095,0.122664,0.108264,0.121796,0.000000,0.000000,0.000865,2647552,
34,vector1,NA,NA,NA,NA,NA,NA,NA,NA,NA,30.512121,50345,0.122664,0.108264,0.121796,0.000000,0.000000,0.000865,2647552,
35,cube0,0.344242,568,0.000000,0.000000,0.000000,0,0,0,0,NA,NA,NA,NA,NA,NA,NA,NA,NA,
35,vector0,NA,NA,NA,NA,NA,NA,NA,NA,NA,30.728485,50702,0.122664,0.108264,0.121796,0.000000,0.000000,0.000865,2647552,
35,vector1,NA,NA,NA,NA,NA,NA,NA,NA,NA,31.536970,52036,0.122664,0.108264,0.121796,0.000000,0.000000,0.000865,2647552,
36,cube0,0.331515,547,0.000000,0.000000,0.000000,0,0,0,0,NA,NA,NA,NA,NA,NA,NA,NA,NA,
36,vector0,NA,NA,NA,NA,NA,NA,NA,NA,NA,30.161213,49766,0.122664,0.108264,0.121796,0.000000,0.000000,0.000865,2647552,
36,vector1,NA,NA,NA,NA,NA,NA,NA,NA,NA,30.445454,50235,0.122664,0.108264,0.121796,0.000000,0.000000,0.000865,2647552,
37,cube0,0.374545,618,0.000000,0.000000,0.000000,0,0,0,0,NA,NA,NA,NA,NA,NA,NA,NA,NA,
37,vector0,NA,NA,NA,NA,NA,NA,NA,NA,NA,30.941818,51054,0.122664,0.108264,0.121796,0.000000,0.000000,0.000865,2647552,
37,vector1,NA,NA,NA,NA,NA,NA,NA,NA,NA,30.931515,51037,0.122664,0.108264,0.121796,0.000000,0.000000,0.000865,2647552,
38,cube0,0.560000,924,0.000000,0.000000,0.000000,0,0,0,0,NA,NA,NA,NA,NA,NA,NA,NA,NA,
38,vector0,NA,NA,NA,NA,NA,NA,NA,NA,NA,29.954546,49425,0.122664,0.108264,0.121796,0.000000,0.000000,0.000865,2647552,
38,vector1,NA,NA,NA,NA,NA,NA,NA,NA,NA,30.553333,50413,0.122664,0.108264,0.121796,0.000000,0.000000,0.000865,2647552,
39,cube0,0.363636,600,0.000000,0.000000,0.000000,0,0,0,0,NA,NA,NA,NA,NA,NA,NA,NA,NA,
39,vector0,NA,NA,NA,NA,NA,NA,NA,NA,NA,30.438787,50224,0.122664,0.108264,0.121796,0.000000,0.000000,0.000865,2647552,
39,vector1,NA,NA,NA,NA,NA,NA,NA,NA,NA,30.504848,50333,0.122664,0.108264,0.121796,0.000000,0.000000,0.000865,2647552,
40,cube0,0.333333,550,0.000000,0.000000,0.000000,0,0,0,0,NA,NA,NA,NA,NA,NA,NA,NA,NA,
40,vector0,NA,NA,NA,NA,NA,NA,NA,NA,NA,44.090302,72749,0.122664,0.108264,0.121796,0.000000,0.000000,0.000865,2647552,
40,vector1,NA,NA,NA,NA,NA,NA,NA,NA,NA,43.784241,72244,0.122664,0.108264,0.121796,0.000000,0.000000,0.000865,2647552,
41,cube0,0.355758,587,0.000000,0.000000,0.000000,0,0,0,0,NA,NA,NA,NA,NA,NA,NA,NA,NA,
41,vector0,NA,NA,NA,NA,NA,NA,NA,NA,NA,44.491516,73411,0.122664,0.108264,0.121796,0.000000,0.000000,0.000865,2647552,
41,vector1,NA,NA,NA,NA,NA,NA,NA,NA,NA,44.005455,72609,0.122664,0.108264,0.121796,0.000000,0.000000,0.000865,2647552,
42,cube0,0.327273,540,0.000000,0.000000,0.000000,0,0,0,0,NA,NA,NA,NA,NA,NA,NA,NA,NA,
42,vector0,NA,NA,NA,NA,NA,NA,NA,NA,NA,44.561817,73527,0.122664,0.108264,0.121796,0.000000,0.000000,0.000865,2647552,
42,vector1,NA,NA,NA,NA,NA,NA,NA,NA,NA,43.953938,72524,0.122664,0.108264,0.121796,0.000000,0.000000,0.000865,2647552,
43,cube0,0.326667,539,0.000000,0.000000,0.000000,0,0,0,0,NA,NA,NA,NA,NA,NA,NA,NA,NA,
43,vector0,NA,NA,NA,NA,NA,NA,NA,NA,NA,43.715153,72130,0.122664,0.108264,0.121796,0.000000,0.000000,0.000865,2647552,
43,vector1,NA,NA,NA,NA,NA,NA,NA,NA,NA,44.418789,73291,0.122664,0.108264,0.121796,0.000000,0.000000,0.000865,2647552,
44,cube0,0.361818,597,0.000000,0.000000,0.000000,0,0,0,0,NA,NA,NA,NA,NA,NA,NA,NA,NA,
44,vector0,NA,NA,NA,NA,NA,NA,NA,NA,NA,44.501213,73427,0.122664,0.108264,0.121796,0.000000,0.000000,0.000865,2647552,
44,vector1,NA,NA,NA,NA,NA,NA,NA,NA,NA,44.102425,72769,0.122664,0.108264,0.121796,0.000000,0.000000,0.000865,2647552,
45,cube0,0.309697,511,0.000000,0.000000,0.000000,0,0,0,0,NA,NA,NA,NA,NA,NA,NA,NA,NA,
45,vector0,NA,NA,NA,NA,NA,NA,NA,NA,NA,44.209091,72945,0.122664,0.108264,0.121796,0.000000,0.000000,0.000865,2647552,
45,vector1,NA,NA,NA,NA,NA,NA,NA,NA,NA,43.389698,71593,0.122664,0.108264,0.121796,0.000000,0.000000,0.000865,2647552,
46,cube0,0.336364,555,0.000000,0.000000,0.000000,0,0,0,0,NA,NA,NA,NA,NA,NA,NA,NA,NA,
46,vector0,NA,NA,NA,NA,NA,NA,NA,NA,NA,44.089092,72747,0.122664,0.108264,0.121796,0.000000,0.000000,0.000865,2647552,
46,vector1,NA,NA,NA,NA,NA,NA,NA,NA,NA,45.127274,74460,0.122664,0.108264,0.121796,0.000000,0.000000,0.000865,2647552,
47,cube0,0.331515,547,0.000000,0.000000,0.000000,0,0,0,0,NA,NA,NA,NA,NA,NA,NA,NA,NA,
47,vector0,NA,NA,NA,NA,NA,NA,NA,NA,NA,43.342422,71515,0.122664,0.108264,0.121796,0.000000,0.000000,0.000865,2647552,
47,vector1,NA,NA,NA,NA,NA,NA,NA,NA,NA,44.077576,72728,0.122664,0.108264,0.121796,0.000000,0.000000,0.000865,2647552,
48,cube0,0.372727,615,0.000000,0.000000,0.000000,0,0,0,0,NA,NA,NA,NA,NA,NA,NA,NA,NA,
48,vector0,NA,NA,NA,NA,NA,NA,NA,NA,NA,44.193939,72920,0.122664,0.108264,0.121796,0.000000,0.000000,0.000865,2647552,
48,vector1,NA,NA,NA,NA,NA,NA,NA,NA,NA,44.089092,72747,0.122664,0.108264,0.121796,0.000000,0.000000,0.000865,2647552,
49,cube0,0.329091,543,0.000000,0.000000,0.000000,0,0,0,0,NA,NA,NA,NA,NA,NA,NA,NA,NA,
49,vector0,NA,NA,NA,NA,NA,NA,NA,NA,NA,44.342422,73165,0.122664,0.108264,0.121796,0.000000,0.000000,0.000865,2647552,
49,vector1,NA,NA,NA,NA,NA,NA,NA,NA,NA,44.872120,74039,0.122664,0.108264,0.121796,0.000000,0.000000,0.000865,2647552,
50,cube0,0.336970,556,0.000000,0.000000,0.000000,0,0,0,0,NA,NA,NA,NA,NA,NA,NA,NA,NA,
50,vector0,NA,NA,NA,NA,NA,NA,NA,NA,NA,43.848484,72350,0.122664,0.108264,0.121796,0.000000,0.000000,0.000865,2647552,
50,vector1,NA,NA,NA,NA,NA,NA,NA,NA,NA,43.679394,72071,0.122664,0.108264,0.121796,0.000000,0.000000,0.000865,2647552,
51,cube0,0.303636,501,0.000000,0.000000,0.000000,0,0,0,0,NA,NA,NA,NA,NA,NA,NA,NA,NA,
51,vector0,NA,NA,NA,NA,NA,NA,NA,NA,NA,43.862423,72373,0.122664,0.108264,0.121796,0.000000,0.000000,0.000865,2647552,
51,vector1,NA,NA,NA,NA,NA,NA,NA,NA,NA,43.767273,72216,0.122664,0.108264,0.121796,0.000000,0.000000,0.000865,2647552,
52,cube0,0.343030,566,0.000000,0.000000,0.000000,0,0,0,0,NA,NA,NA,NA,NA,NA,NA,NA,NA,
52,vector0,NA,NA,NA,NA,NA,NA,NA,NA,NA,43.906666,72446,0.122664,0.108264,0.121796,0.000000,0.000000,0.000865,2647552,
52,vector1,NA,NA,NA,NA,NA,NA,NA,NA,NA,44.865456,74028,0.122664,0.108264,0.121796,0.000000,0.000000,0.000865,2647552,
53,cube0,0.369091,609,0.000000,0.000000,0.000000,0,0,0,0,NA,NA,NA,NA,NA,NA,NA,NA,NA,
53,vector0,NA,NA,NA,NA,NA,NA,NA,NA,NA,43.536968,71836,0.122664,0.108264,0.121796,0.000000,0.000000,0.000865,2647552,
53,vector1,NA,NA,NA,NA,NA,NA,NA,NA,NA,43.670910,72057,0.122664,0.108264,0.121796,0.000000,0.000000,0.000865,2647552,
54,cube0,0.343636,567,0.000000,0.000000,0.000000,0,0,0,0,NA,NA,NA,NA,NA,NA,NA,NA,NA,
54,vector0,NA,NA,NA,NA,NA,NA,NA,NA,NA,42.804241,70627,0.122664,0.108264,0.121796,0.000000,0.000000,0.000865,2647552,
54,vector1,NA,NA,NA,NA,NA,NA,NA,NA,NA,43.393940,71600,0.122664,0.108264,0.121796,0.000000,0.000000,0.000865,2647552,
55,cube0,0.344242,568,0.000000,0.000000,0.000000,0,0,0,0,NA,NA,NA,NA,NA,NA,NA,NA,NA,
55,vector0,NA,NA,NA,NA,NA,NA,NA,NA,NA,43.769093,72219,0.122664,0.108264,0.121796,0.000000,0.000000,0.000865,2647552,
55,vector1,NA,NA,NA,NA,NA,NA,NA,NA,NA,44.018787,72631,0.122664,0.108264,0.121796,0.000000,0.000000,0.000865,2647552,
56,cube0,0.332121,548,0.000000,0.000000,0.000000,0,0,0,0,NA,NA,NA,NA,NA,NA,NA,NA,NA,
56,vector0,NA,NA,NA,NA,NA,NA,NA,NA,NA,43.679394,72071,0.122664,0.108264,0.121796,0.000000,0.000000,0.000865,2647552,
56,vector1,NA,NA,NA,NA,NA,NA,NA,NA,NA,44.170303,72881,0.122664,0.108264,0.121796,0.000000,0.000000,0.000865,2647552,
57,cube0,0.389091,642,0.000000,0.000000,0.000000,0,0,0,0,NA,NA,NA,NA,NA,NA,NA,NA,NA,
57,vector0,NA,NA,NA,NA,NA,NA,NA,NA,NA,43.220001,71313,0.122664,0.108264,0.121796,0.000000,0.000000,0.000865,2647552,
57,vector1,NA,NA,NA,NA,NA,NA,NA,NA,NA,44.194546,72921,0.122664,0.108264,0.121796,0.000000,0.000000,0.000865,2647552,
58,cube0,0.332727,549,0.000000,0.000000,0.000000,0,0,0,0,NA,NA,NA,NA,NA,NA,NA,NA,NA,
58,vector0,NA,NA,NA,NA,NA,NA,NA,NA,NA,43.758183,72201,0.122664,0.108264,0.121796,0.000000,0.000000,0.000865,2647552,
58,vector1,NA,NA,NA,NA,NA,NA,NA,NA,NA,43.895756,72428,0.122664,0.108264,0.121796,0.000000,0.000000,0.000865,2647552,
59,cube0,0.363636,600,0.000000,0.000000,0.000000,0,0,0,0,NA,NA,NA,NA,NA,NA,NA,NA,NA,
59,vector0,NA,NA,NA,NA,NA,NA,NA,NA,NA,43.461819,71712,0.122664,0.108264,0.121796,0.000000,0.000000,0.000865,2647552,
59,vector1,NA,NA,NA,NA,NA,NA,NA,NA,NA,45.254547,74670,0.122664,0.108264,0.121796,0.000000,0.000000,0.000865,2647552,
60,cube0,0.332727,549,0.000000,0.000000,0.000000,0,0,0,0,NA,NA,NA,NA,NA,NA,NA,NA,NA,
60,vector0,NA,NA,NA,NA,NA,NA,NA,NA,NA,44.167877,72877,0.122664,0.108264,0.121796,0.000000,0.000000,0.000865,2647552,
60,vector1,NA,NA,NA,NA,NA,NA,NA,NA,NA,44.406059,73270,0.122664,0.108264,0.121796,0.000000,0.000000,0.000865,2647552,
61,cube0,0.357576,590,0.000000,0.000000,0.000000,0,0,0,0,NA,NA,NA,NA,NA,NA,NA,NA,NA,
61,vector0,NA,NA,NA,NA,NA,NA,NA,NA,NA,43.261818,71382,0.122664,0.108264,0.121796,0.000000,0.000000,0.000865,2647552,
61,vector1,NA,NA,NA,NA,NA,NA,NA,NA,NA,43.058182,71046,0.122664,0.108264,0.121796,0.000000,0.000000,0.000865,2647552,
62,cube0,0.521212,860,0.000000,0.000000,0.000000,0,0,0,0,NA,NA,NA,NA,NA,NA,NA,NA,NA,
62,vector0,NA,NA,NA,NA,NA,NA,NA,NA,NA,43.835758,72329,0.122664,0.108264,0.121796,0.000000,0.000000,0.000865,2647552,
62,vector1,NA,NA,NA,NA,NA,NA,NA,NA,NA,44.634544,73647,0.122664,0.108264,0.121796,0.000000,0.000000,0.000865,2647552,
63,cube0,0.329697,544,0.000000,0.000000,0.000000,0,0,0,0,NA,NA,NA,NA,NA,NA,NA,NA,NA,
63,vector0,NA,NA,NA,NA,NA,NA,NA,NA,NA,43.669090,72054,0.122664,0.108264,0.121796,0.000000,0.000000,0.000865,2647552,
63,vector1,NA,NA,NA,NA,NA,NA,NA,NA,NA,43.287880,71425,0.122664,0.108264,0.121796,0.000000,0.000000,0.000865,2647552,
64,cube0,0.353333,583,0.000000,0.000000,0.000000,0,0,0,0,NA,NA,NA,NA,NA,NA,NA,NA,NA,
64,vector0,NA,NA,NA,NA,NA,NA,NA,NA,NA,42.756363,70548,0.122920,0.108194,0.121720,0.000000,0.000000,0.001196,2649728,
64,vector1,NA,NA,NA,NA,NA,NA,NA,NA,NA,42.926666,70829,0.122920,0.108194,0.121720,0.000000,0.000000,0.001196,2649728,
65,cube0,0.309091,510,0.000000,0.000000,0.000000,0,0,0,0,NA,NA,NA,NA,NA,NA,NA,NA,NA,
65,vector0,NA,NA,NA,NA,NA,NA,NA,NA,NA,42.892727,70773,0.122920,0.108194,0.121720,0.000000,0.000000,0.001196,2649728,
65,vector1,NA,NA,NA,NA,NA,NA,NA,NA,NA,43.332123,71498,0.122920,0.108194,0.121720,0.000000,0.000000,0.001196,2649728,
66,cube0,0.335152,553,0.000000,0.000000,0.000000,0,0,0,0,NA,NA,NA,NA,NA,NA,NA,NA,NA,
66,vector0,NA,NA,NA,NA,NA,NA,NA,NA,NA,43.839394,72335,0.122920,0.108194,0.121720,0.000000,0.000000,0.001196,2649728,
66,vector1,NA,NA,NA,NA,NA,NA,NA,NA,NA,45.266666,74690,0.122920,0.108194,0.121720,0.000000,0.000000,0.001196,2649728,
67,cube0,0.310909,513,0.000000,0.000000,0.000000,0,0,0,0,NA,NA,NA,NA,NA,NA,NA,NA,NA,
67,vector0,NA,NA,NA,NA,NA,NA,NA,NA,NA,43.759396,72203,0.122920,0.108194,0.121720,0.000000,0.000000,0.001196,2649728,
67,vector1,NA,NA,NA,NA,NA,NA,NA,NA,NA,42.255150,69721,0.122920,0.108194,0.121720,0.000000,0.000000,0.001196,2649728,
68,cube0,0.370303,611,0.000000,0.000000,0.000000,0,0,0,0,NA,NA,NA,NA,NA,NA,NA,NA,NA,
68,vector0,NA,NA,NA,NA,NA,NA,NA,NA,NA,43.527878,71821,0.122920,0.108194,0.121720,0.000000,0.000000,0.001196,2649728,
68,vector1,NA,NA,NA,NA,NA,NA,NA,NA,NA,43.899395,72434,0.122920,0.108194,0.121720,0.000000,0.000000,0.001196,2649728,
69,cube0,0.327273,540,0.000000,0.000000,0.000000,0,0,0,0,NA,NA,NA,NA,NA,NA,NA,NA,NA,
69,vector0,NA,NA,NA,NA,NA,NA,NA,NA,NA,43.784847,72245,0.122920,0.108194,0.121720,0.000000,0.000000,0.001196,2649728,
69,vector1,NA,NA,NA,NA,NA,NA,NA,NA,NA,43.866062,72379,0.122920,0.108194,0.121720,0.000000,0.000000,0.001196,2649728,
70,cube0,0.335152,553,0.000000,0.000000,0.000000,0,0,0,0,NA,NA,NA,NA,NA,NA,NA,NA,NA,
70,vector0,NA,NA,NA,NA,NA,NA,NA,NA,NA,44.002426,72604,0.122920,0.108194,0.121720,0.000000,0.000000,0.001196,2649728,
70,vector1,NA,NA,NA,NA,NA,NA,NA,NA,NA,44.398182,73257,0.122920,0.108194,0.121720,0.000000,0.000000,0.001196,2649728,
71,cube0,0.303030,500,0.000000,0.000000,0.000000,0,0,0,0,NA,NA,NA,NA,NA,NA,NA,NA,NA,
71,vector0,NA,NA,NA,NA,NA,NA,NA,NA,NA,43.884850,72410,0.122920,0.108194,0.121720,0.000000,0.000000,0.001196,2649728,
71,vector1,NA,NA,NA,NA,NA,NA,NA,NA,NA,43.519394,71807,0.122920,0.108194,0.121720,0.000000,0.000000,0.001196,2649728,
72,cube0,0.355152,586,0.000000,0.000000,0.000000,0,0,0,0,NA,NA,NA,NA,NA,NA,NA,NA,NA,
72,vector0,NA,NA,NA,NA,NA,NA,NA,NA,NA,43.952728,72522,0.122920,0.108194,0.121720,0.000000,0.000000,0.001196,2649728,
72,vector1,NA,NA,NA,NA,NA,NA,NA,NA,NA,42.656364,70383,0.122920,0.108194,0.121720,0.000000,0.000000,0.001196,2649728,
73,cube0,0.364848,602,0.000000,0.000000,0.000000,0,0,0,0,NA,NA,NA,NA,NA,NA,NA,NA,NA,
73,vector0,NA,NA,NA,NA,NA,NA,NA,NA,NA,43.569698,71890,0.122920,0.108194,0.121720,0.000000,0.000000,0.001196,2649728,
73,vector1,NA,NA,NA,NA,NA,NA,NA,NA,NA,44.660606,73690,0.122920,0.108194,0.121720,0.000000,0.000000,0.001196,2649728,
74,cube0,0.353939,584,0.000000,0.000000,0.000000,0,0,0,0,NA,NA,NA,NA,NA,NA,NA,NA,NA,
74,vector0,NA,NA,NA,NA,NA,NA,NA,NA,NA,45.823635,75609,0.122920,0.108194,0.121720,0.000000,0.000000,0.001196,2649728,
74,vector1,NA,NA,NA,NA,NA,NA,NA,NA,NA,44.248486,73010,0.122920,0.108194,0.121720,0.000000,0.000000,0.001196,2649728,
75,cube0,0.340606,562,0.000000,0.000000,0.000000,0,0,0,0,NA,NA,NA,NA,NA,NA,NA,NA,NA,
75,vector0,NA,NA,NA,NA,NA,NA,NA,NA,NA,44.103638,72771,0.122920,0.108194,0.121720,0.000000,0.000000,0.001196,2649728,
75,vector1,NA,NA,NA,NA,NA,NA,NA,NA,NA,44.660606,73690,0.122920,0.108194,0.121720,0.000000,0.000000,0.001196,2649728,
76,cube0,0.329091,543,0.000000,0.000000,0.000000,0,0,0,0,NA,NA,NA,NA,NA,NA,NA,NA,NA,
76,vector0,NA,NA,NA,NA,NA,NA,NA,NA,NA,44.384850,73235,0.122920,0.108194,0.121720,0.000000,0.000000,0.001196,2649728,
76,vector1,NA,NA,NA,NA,NA,NA,NA,NA,NA,43.135151,71173,0.122920,0.108194,0.121720,0.000000,0.000000,0.001196,2649728,
77,cube0,0.375758,620,0.000000,0.000000,0.000000,0,0,0,0,NA,NA,NA,NA,NA,NA,NA,NA,NA,
77,vector0,NA,NA,NA,NA,NA,NA,NA,NA,NA,45.666061,75349,0.122920,0.108194,0.121720,0.000000,0.000000,0.001196,2649728,
77,vector1,NA,NA,NA,NA,NA,NA,NA,NA,NA,44.016972,72628,0.122920,0.108194,0.121720,0.000000,0.000000,0.001196,2649728,
78,cube0,0.335152,553,0.000000,0.000000,0.000000,0,0,0,0,NA,NA,NA,NA,NA,NA,NA,NA,NA,
78,vector0,NA,NA,NA,NA,NA,NA,NA,NA,NA,45.923637,75774,0.122920,0.108194,0.121720,0.000000,0.000000,0.001196,2649728,
78,vector1,NA,NA,NA,NA,NA,NA,NA,NA,NA,44.109093,72780,0.122920,0.108194,0.121720,0.000000,0.000000,0.001196,2649728,
79,cube0,0.363636,600,0.000000,0.000000,0.000000,0,0,0,0,NA,NA,NA,NA,NA,NA,NA,NA,NA,
79,vector0,NA,NA,NA,NA,NA,NA,NA,NA,NA,42.826668,70664,0.122920,0.108194,0.121720,0.000000,0.000000,0.001196,2649728,
79,vector1,NA,NA,NA,NA,NA,NA,NA,NA,NA,44.406059,73270,0.122920,0.108194,0.121720,0.000000,0.000000,0.001196,2649728,
80,cube0,0.336364,555,0.000000,0.000000,0.000000,0,0,0,0,NA,NA,NA,NA,NA,NA,NA,NA,NA,
80,vector0,NA,NA,NA,NA,NA,NA,NA,NA,NA,39.211514,64699,0.122920,0.108194,0.121720,0.000000,0.000000,0.001196,2649728,
80,vector1,NA,NA,NA,NA,NA,NA,NA,NA,NA,39.201214,64682,0.122920,0.108194,0.121720,0.000000,0.000000,0.001196,2649728,
81,cube0,0.358182,591,0.000000,0.000000,0.000000,0,0,0,0,NA,NA,NA,NA,NA,NA,NA,NA,NA,
81,vector0,NA,NA,NA,NA,NA,NA,NA,NA,NA,38.780605,63988,0.122920,0.108194,0.121720,0.000000,0.000000,0.001196,2649728,
81,vector1,NA,NA,NA,NA,NA,NA,NA,NA,NA,38.302425,63199,0.122920,0.108194,0.121720,0.000000,0.000000,0.001196,2649728,
82,cube0,0.329091,543,0.000000,0.000000,0.000000,0,0,0,0,NA,NA,NA,NA,NA,NA,NA,NA,NA,
82,vector0,NA,NA,NA,NA,NA,NA,NA,NA,NA,38.901211,64187,0.122920,0.108194,0.121720,0.000000,0.000000,0.001196,2649728,
82,vector1,NA,NA,NA,NA,NA,NA,NA,NA,NA,39.182423,64651,0.122920,0.108194,0.121720,0.000000,0.000000,0.001196,2649728,
83,cube0,0.325455,537,0.000000,0.000000,0.000000,0,0,0,0,NA,NA,NA,NA,NA,NA,NA,NA,NA,
83,vector0,NA,NA,NA,NA,NA,NA,NA,NA,NA,39.487877,65155,0.122920,0.108194,0.121720,0.000000,0.000000,0.001196,2649728,
83,vector1,NA,NA,NA,NA,NA,NA,NA,NA,NA,38.066666,62810,0.122920,0.108194,0.121720,0.000000,0.000000,0.001196,2649728,
84,cube0,0.357576,590,0.000000,0.000000,0.000000,0,0,0,0,NA,NA,NA,NA,NA,NA,NA,NA,NA,
84,vector0,NA,NA,NA,NA,NA,NA,NA,NA,NA,39.247879,64759,0.122920,0.108194,0.121720,0.000000,0.000000,0.001196,2649728,
84,vector1,NA,NA,NA,NA,NA,NA,NA,NA,NA,38.889698,64168,0.122920,0.108194,0.121720,0.000000,0.000000,0.001196,2649728,
85,cube0,0.306667,506,0.000000,0.000000,0.000000,0,0,0,0,NA,NA,NA,NA,NA,NA,NA,NA,NA,
85,vector0,NA,NA,NA,NA,NA,NA,NA,NA,NA,38.592728,63678,0.122920,0.108194,0.121720,0.000000,0.000000,0.001196,2649728,
85,vector1,NA,NA,NA,NA,NA,NA,NA,NA,NA,39.198181,64677,0.122920,0.108194,0.121720,0.000000,0.000000,0.001196,2649728,
86,cube0,0.335758,554,0.000000,0.000000,0.000000,0,0,0,0,NA,NA,NA,NA,NA,NA,NA,NA,NA,
86,vector0,NA,NA,NA,NA,NA,NA,NA,NA,NA,38.016972,62728,0.122920,0.108194,0.121720,0.000000,0.000000,0.001196,2649728,
86,vector1,NA,NA,NA,NA,NA,NA,NA,NA,NA,39.289696,64828,0.122920,0.108194,0.121720,0.000000,0.000000,0.001196,2649728,
87,cube0,0.310909,513,0.000000,0.000000,0.000000,0,0,0,0,NA,NA,NA,NA,NA,NA,NA,NA,NA,
87,vector0,NA,NA,NA,NA,NA,NA,NA,NA,NA,39.091515,64501,0.122920,0.108194,0.121720,0.000000,0.000000,0.001196,2649728,
87,vector1,NA,NA,NA,NA,NA,NA,NA,NA,NA,39.809696,65686,0.122920,0.108194,0.121720,0.000000,0.000000,0.001196,2649728,
88,cube0,0.370303,611,0.000000,0.000000,0.000000,0,0,0,0,NA,NA,NA,NA,NA,NA,NA,NA,NA,
88,vector0,NA,NA,NA,NA,NA,NA,NA,NA,NA,38.333332,63250,0.122920,0.108194,0.121720,0.000000,0.000000,0.001196,2649728,
88,vector1,NA,NA,NA,NA,NA,NA,NA,NA,NA,39.186668,64658,0.122920,0.108194,0.121720,0.000000,0.000000,0.001196,2649728,
89,cube0,0.324848,536,0.000000,0.000000,0.000000,0,0,0,0,NA,NA,NA,NA,NA,NA,NA,NA,NA,
89,vector0,NA,NA,NA,NA,NA,NA,NA,NA,NA,39.222424,64717,0.122920,0.108194,0.121720,0.000000,0.000000,0.001196,2649728,
89,vector1,NA,NA,NA,NA,NA,NA,NA,NA,NA,38.181213,62999,0.122920,0.108194,0.121720,0.000000,0.000000,0.001196,2649728,
90,cube0,0.336970,556,0.000000,0.000000,0.000000,0,0,0,0,NA,NA,NA,NA,NA,NA,NA,NA,NA,
90,vector0,NA,NA,NA,NA,NA,NA,NA,NA,NA,38.872120,64139,0.122920,0.108194,0.121720,0.000000,0.000000,0.001196,2649728,
90,vector1,NA,NA,NA,NA,NA,NA,NA,NA,NA,38.650909,63774,0.122920,0.108194,0.121720,0.000000,0.000000,0.001196,2649728,
91,cube0,0.307273,507,0.000000,0.000000,0.000000,0,0,0,0,NA,NA,NA,NA,NA,NA,NA,NA,NA,
91,vector0,NA,NA,NA,NA,NA,NA,NA,NA,NA,39.115757,64541,0.122920,0.108194,0.121720,0.000000,0.000000,0.001196,2649728,
91,vector1,NA,NA,NA,NA,NA,NA,NA,NA,NA,38.584244,63664,0.122920,0.108194,0.121720,0.000000,0.000000,0.001196,2649728,
92,cube0,0.349091,576,0.000000,0.000000,0.000000,0,0,0,0,NA,NA,NA,NA,NA,NA,NA,NA,NA,
92,vector0,NA,NA,NA,NA,NA,NA,NA,NA,NA,38.822426,64057,0.122920,0.108194,0.121720,0.000000,0.000000,0.001196,2649728,
92,vector1,NA,NA,NA,NA,NA,NA,NA,NA,NA,38.954544,64275,0.122920,0.108194,0.121720,0.000000,0.000000,0.001196,2649728,
93,cube0,0.361818,597,0.000000,0.000000,0.000000,0,0,0,0,NA,NA,NA,NA,NA,NA,NA,NA,NA,
93,vector0,NA,NA,NA,NA,NA,NA,NA,NA,NA,38.954544,64275,0.122920,0.108194,0.121720,0.000000,0.000000,0.001196,2649728,
93,vector1,NA,NA,NA,NA,NA,NA,NA,NA,NA,39.432728,65064,0.122920,0.108194,0.121720,0.000000,0.000000,0.001196,2649728,
94,cube0,0.350303,578,0.000000,0.000000,0.000000,0,0,0,0,NA,NA,NA,NA,NA,NA,NA,NA,NA,
94,vector0,NA,NA,NA,NA,NA,NA,NA,NA,NA,38.248486,63110,0.122920,0.108194,0.121720,0.000000,0.000000,0.001196,2649728,
94,vector1,NA,NA,NA,NA,NA,NA,NA,NA,NA,38.187271,63009,0.122920,0.108194,0.121720,0.000000,0.000000,0.001196,2649728,
95,cube0,0.341818,564,0.000000,0.000000,0.000000,0,0,0,0,NA,NA,NA,NA,NA,NA,NA,NA,NA,
95,vector0,NA,NA,NA,NA,NA,NA,NA,NA,NA,39.059395,64448,0.122920,0.108194,0.121720,0.000000,0.000000,0.001196,2649728,
95,vector1,NA,NA,NA,NA,NA,NA,NA,NA,NA,38.415756,63386,0.122920,0.108194,0.121720,0.000000,0.000000,0.001196,2649728,
