block_id,sub_block_id,aic_time(us),aic_total_cycles,aic_l0a_read_bw(GB/s),aic_l0a_write_bw(GB/s),aic_l0b_read_bw(GB/s),aic_l0b_write_bw(GB/s),aic_l0c_read_bw_cube(GB/s),aic_l0c_write_bw_cube(GB/s),aiv_time(us),aiv_total_cycles,
0,cube0,0.451515,745,0.000000,0.000000,0.000000,0.000000,0.000000,0.000000,NA,NA,
0,vector0,NA,NA,NA,NA,NA,NA,NA,NA,1.615758,2666,
0,vector1,NA,NA,NA,NA,NA,NA,NA,NA,1.867879,3082,
1,cube0,0.386667,638,0.000000,0.000000,0.000000,0.000000,0.000000,0.000000,NA,NA,
1,vector0,NA,NA,NA,NA,NA,NA,NA,NA,2.412121,3980,
1,vector1,NA,NA,NA,NA,NA,NA,NA,NA,1.503030,2480,
2,cube0,0.446667,737,0.000000,0.000000,0.000000,0.000000,0.000000,0.000000,NA,NA,
2,vector0,NA,NA,NA,NA,NA,NA,NA,NA,2.012121,3320,
2,vector1,NA,NA,NA,NA,NA,NA,NA,NA,2.740606,4522,
3,cube0,0.393333,649,0.000000,0.000000,0.000000,0.000000,0.000000,0.000000,NA,NA,
3,vector0,NA,NA,NA,NA,NA,NA,NA,NA,2.831515,4672,
3,vector1,NA,NA,NA,NA,NA,NA,NA,NA,1.633333,2695,
4,cube0,0.464242,766,0.000000,0.000000,0.000000,0.000000,0.000000,0.000000,NA,NA,
4,vector0,NA,NA,NA,NA,NA,NA,NA,NA,2.764848,4562,
4,vector1,NA,NA,NA,NA,NA,NA,NA,NA,1.745455,2880,
5,cube0,0.420606,694,0.000000,0.000000,0.000000,0.000000,0.000000,0.000000,NA,NA,
5,vector0,NA,NA,NA,NA,NA,NA,NA,NA,2.423636,3999,
5,vector1,NA,NA,NA,NA,NA,NA,NA,NA,2.003636,3306,
6,cube0,0.401818,663,0.000000,0.000000,0.000000,0.000000,0.000000,0.000000,NA,NA,
6,vector0,NA,NA,NA,NA,NA,NA,NA,NA,2.073333,3421,
6,vector1,NA,NA,NA,NA,NA,NA,NA,NA,2.004242,3307,
7,cube0,0.445455,735,0.000000,0.000000,0.000000,0.000000,0.000000,0.000000,NA,NA,
7,vector0,NA,NA,NA,NA,NA,NA,NA,NA,2.083030,3437,
7,vector1,NA,NA,NA,NA,NA,NA,NA,NA,1.806061,2980,
8,cube0,0.412121,680,0.000000,0.000000,0.000000,0.000000,0.000000,0.000000,NA,NA,
8,vector0,NA,NA,NA,NA,NA,NA,NA,NA,2.409091,3975,
8,vector1,NA,NA,NA,NA,NA,NA,NA,NA,2.404243,3967,
9,cube0,0.455152,751,0.000000,0.000000,0.000000,0.000000,0.000000,0.000000,NA,NA,
9,vector0,NA,NA,NA,NA,NA,NA,NA,NA,2.097576,3461,
9,vector1,NA,NA,NA,NA,NA,NA,NA,NA,2.483636,4098,
10,cube0,0.517576,854,0.000000,0.000000,0.000000,0.000000,0.000000,0.000000,NA,NA,
10,vector0,NA,NA,NA,NA,NA,NA,NA,NA,1.930909,3186,
10,vector1,NA,NA,NA,NA,NA,NA,NA,NA,1.864242,3076,
11,cube0,0.478788,790,0.000000,0.000000,0.000000,0.000000,0.000000,0.000000,NA,NA,
11,vector0,NA,NA,NA,NA,NA,NA,NA,NA,2.234545,3687,
11,vector1,NA,NA,NA,NA,NA,NA,NA,NA,2.003636,3306,
12,cube0,0.420606,694,0.000000,0.000000,0.000000,0.000000,0.000000,0.000000,NA,NA,
12,vector0,NA,NA,NA,NA,NA,NA,NA,NA,2.223636,3669,
12,vector1,NA,NA,NA,NA,NA,NA,NA,NA,2.386667,3938,
13,cube0,0.414545,684,0.000000,0.000000,0.000000,0.000000,0.000000,0.000000,NA,NA,
13,vector0,NA,NA,NA,NA,NA,NA,NA,NA,2.488485,4106,
13,vector1,NA,NA,NA,NA,NA,NA,NA,NA,2.122424,3502,
14,cube0,0.420606,694,0.000000,0.000000,0.000000,0.000000,0.000000,0.000000,NA,NA,
14,vector0,NA,NA,NA,NA,NA,NA,NA,NA,2.414546,3984,
14,vector1,NA,NA,NA,NA,NA,NA,NA,NA,1.947273,3213,
15,cube0,0.455758,752,0.000000,0.000000,0.000000,0.000000,0.000000,0.000000,NA,NA,
15,vector0,NA,NA,NA,NA,NA,NA,NA,NA,2.086061,3442,
15,vector1,NA,NA,NA,NA,NA,NA,NA,NA,2.261818,3732,
16,cube0,0.438182,723,0.000000,0.000000,0.000000,0.000000,0.000000,0.000000,NA,NA,
16,vector0,NA,NA,NA,NA,NA,NA,NA,NA,2.323030,3833,
16,vector1,NA,NA,NA,NA,NA,NA,NA,NA,2.490303,4109,
17,cube0,0.410909,678,0.000000,0.000000,0.000000,0.000000,0.000000,0.000000,NA,NA,
17,vector0,NA,NA,NA,NA,NA,NA,NA,NA,2.608485,4304,
17,vector1,NA,NA,NA,NA,NA,NA,NA,NA,2.218182,3660,
18,cube0,0.460606,760,0.000000,0.000000,0.000000,0.000000,0.000000,0.000000,NA,NA,
18,vector0,NA,NA,NA,NA,NA,NA,NA,NA,2.438182,4023,
18,vector1,NA,NA,NA,NA,NA,NA,NA,NA,2.154546,3555,
19,cube0,0.461212,761,0.000000,0.000000,0.000000,0.000000,0.000000,0.000000,NA,NA,
19,vector0,NA,NA,NA,NA,NA,NA,NA,NA,2.635758,4349,
19,vector1,NA,NA,NA,NA,NA,NA,NA,NA,2.269697,3745,
20,cube0,0.352121,581,0.000000,0.000000,0.000000,0.000000,0.000000,0.000000,NA,NA,
20,vector0,NA,NA,NA,NA,NA,NA,NA,NA,1.527273,2520,
20,vector1,NA,NA,NA,NA,NA,NA,NA,NA,1.509697,2491,
21,cube0,0.289697,478,0.000000,0.000000,0.000000,0.000000,0.000000,0.000000,NA,NA,
21,vector0,NA,NA,NA,NA,NA,NA,NA,NA,1.467879,2422,
21,vector1,NA,NA,NA,NA,NA,NA,NA,NA,1.459394,2408,
22,cube0,0.347879,574,0.000000,0.000000,0.000000,0.000000,0.000000,0.000000,NA,NA,
22,vector0,NA,NA,NA,NA,NA,NA,NA,NA,1.563636,2580,
22,vector1,NA,NA,NA,NA,NA,NA,NA,NA,1.544242,2548,
23,cube0,0.290909,480,0.000000,0.000000,0.000000,0.000000,0.000000,0.000000,NA,NA,
23,vector0,NA,NA,NA,NA,NA,NA,NA,NA,1.646061,2716,
23,vector1,NA,NA,NA,NA,NA,NA,NA,NA,1.638182,2703,
24,cube0,0.366667,605,0.000000,0.000000,0.000000,0.000000,0.000000,0.000000,NA,NA,
24,vector0,NA,NA,NA,NA,NA,NA,NA,NA,1.493333,2464,
24,vector1,NA,NA,NA,NA,NA,NA,NA,NA,1.513939,2498,
25,cube0,0.321818,531,0.000000,0.000000,0.000000,0.000000,0.000000,0.000000,NA,NA,
25,vector0,NA,NA,NA,NA,NA,NA,NA,NA,1.575758,2600,
25,vector1,NA,NA,NA,NA,NA,NA,NA,NA,1.609697,2656,
26,cube0,0.313939,518,0.000000,0.000000,0.000000,0.000000,0.000000,0.000000,NA,NA,
26,vector0,NA,NA,NA,NA,NA,NA,NA,NA,1.553333,2563,
26,vector1,NA,NA,NA,NA,NA,NA,NA,NA,1.499394,2474,
27,cube0,0.340000,561,0.000000,0.000000,0.000000,0.000000,0.000000,0.000000,NA,NA,
27,vector0,NA,NA,NA,NA,NA,NA,NA,NA,1.557576,2570,
27,vector1,NA,NA,NA,NA,NA,NA,NA,NA,1.666667,2750,
28,cube0,0.315758,521,0.000000,0.000000,0.000000,0.000000,0.000000,0.000000,NA,NA,
28,vector0,NA,NA,NA,NA,NA,NA,NA,NA,1.503030,2480,
28,vector1,NA,NA,NA,NA,NA,NA,NA,NA,1.480000,2442,
29,cube0,0.352727,582,0.000000,0.000000,0.000000,0.000000,0.000000,0.000000,NA,NA,
29,vector0,NA,NA,NA,NA,NA,NA,NA,NA,1.564849,2582,
29,vector1,NA,NA,NA,NA,NA,NA,NA,NA,1.398182,2307,
30,cube0,0.330909,546,0.000000,0.000000,0.000000,0.000000,0.000000,0.000000,NA,NA,
30,vector0,NA,NA,NA,NA,NA,NA,NA,NA,1.481818,2445,
30,vector1,NA,NA,NA,NA,NA,NA,NA,NA,1.461212,2411,
31,cube0,0.373939,617,0.000000,0.000000,0.000000,0.000000,0.000000,0.000000,NA,NA,
31,vector0,NA,NA,NA,NA,NA,NA,NA,NA,1.653939,2729,
31,vector1,NA,NA,NA,NA,NA,NA,NA,NA,1.585455,2616,
32,cube0,0.304848,503,0.000000,0.000000,0.000000,0.000000,0.000000,0.000000,NA,NA,
32,vector0,NA,NA,NA,NA,NA,NA,NA,NA,1.490909,2460,
32,vector1,NA,NA,NA,NA,NA,NA,NA,NA,1.497576,2471,
33,cube0,0.314545,519,0.000000,0.000000,0.000000,0.000000,0.000000,0.000000,NA,NA,
33,vector0,NA,NA,NA,NA,NA,NA,NA,NA,1.572727,2595,
33,vector1,NA,NA,NA,NA,NA,NA,NA,NA,1.581212,2609,
34,cube0,0.317576,524,0.000000,0.000000,0.000000,0.000000,0.000000,0.000000,NA,NA,
34,vector0,NA,NA,NA,NA,NA,NA,NA,NA,1.435758,2369,
34,vector1,NA,NA,NA,NA,NA,NA,NA,NA,1.385455,2286,
35,cube0,0.348485,575,0.000000,0.000000,0.000000,0.000000,0.000000,0.000000,NA,NA,
35,vector0,NA,NA,NA,NA,NA,NA,NA,NA,1.528485,2522,
35,vector1,NA,NA,NA,NA,NA,NA,NA,NA,1.549091,2556,
36,cube0,0.341212,563,0.000000,0.000000,0.000000,0.000000,0.000000,0.000000,NA,NA,
36,vector0,NA,NA,NA,NA,NA,NA,NA,NA,1.630909,2691,
36,vector1,NA,NA,NA,NA,NA,NA,NA,NA,1.501818,2478,
37,cube0,0.309697,511,0.000000,0.000000,0.000000,0.000000,0.000000,0.000000,NA,NA,
37,vector0,NA,NA,NA,NA,NA,NA,NA,NA,1.660000,2739,
37,vector1,NA,NA,NA,NA,NA,NA,NA,NA,1.544848,2549,
38,cube0,0.363030,599,0.000000,0.000000,0.000000,0.000000,0.000000,0.000000,NA,NA,
38,vector0,NA,NA,NA,NA,NA,NA,NA,NA,1.492727,2463,
38,vector1,NA,NA,NA,NA,NA,NA,NA,NA,1.877576,3098,
39,cube0,0.347879,574,0.000000,0.000000,0.000000,0.000000,0.000000,0.000000,NA,NA,
39,vector0,NA,NA,NA,NA,NA,NA,NA,NA,1.580000,2607,
39,vector1,NA,NA,NA,NA,NA,NA,NA,NA,1.486061,2452,
40,cube0,0.349697,577,0.000000,0.000000,0.000000,0.000000,0.000000,0.000000,NA,NA,
40,vector0,NA,NA,NA,NA,NA,NA,NA,NA,1.599394,2639,
40,vector1,NA,NA,NA,NA,NA,NA,NA,NA,1.420606,2344,
41,cube0,0.290303,479,0.000000,0.000000,0.000000,0.000000,0.000000,0.000000,NA,NA,
41,vector0,NA,NA,NA,NA,NA,NA,NA,NA,1.784848,2945,
41,vector1,NA,NA,NA,NA,NA,NA,NA,NA,1.514545,2499,
42,cube0,0.346061,571,0.000000,0.000000,0.000000,0.000000,0.000000,0.000000,NA,NA,
42,vector0,NA,NA,NA,NA,NA,NA,NA,NA,1.561818,2577,
42,vector1,NA,NA,NA,NA,NA,NA,NA,NA,1.535758,2534,
43,cube0,0.294545,486,0.000000,0.000000,0.000000,0.000000,0.000000,0.000000,NA,NA,
43,vector0,NA,NA,NA,NA,NA,NA,NA,NA,1.641818,2709,
43,vector1,NA,NA,NA,NA,NA,NA,NA,NA,1.623636,2679,
44,cube0,0.367273,606,0.000000,0.000000,0.000000,0.000000,0.000000,0.000000,NA,NA,
44,vector0,NA,NA,NA,NA,NA,NA,NA,NA,1.406061,2320,
44,vector1,NA,NA,NA,NA,NA,NA,NA,NA,1.380606,2278,
45,cube0,0.322424,532,0.000000,0.000000,0.000000,0.000000,0.000000,0.000000,NA,NA,
45,vector0,NA,NA,NA,NA,NA,NA,NA,NA,1.681212,2774,
45,vector1,NA,NA,NA,NA,NA,NA,NA,NA,1.443030,2381,
46,cube0,0.312121,515,0.000000,0.000000,0.000000,0.000000,0.000000,0.000000,NA,NA,
46,vector0,NA,NA,NA,NA,NA,NA,NA,NA,1.530303,2525,
46,vector1,NA,NA,NA,NA,NA,NA,NA,NA,2.005455,3309,
47,cube0,0.343636,567,0.000000,0.000000,0.000000,0.000000,0.000000,0.000000,NA,NA,
47,vector0,NA,NA,NA,NA,NA,NA,NA,NA,1.639394,2705,
47,vector1,NA,NA,NA,NA,NA,NA,NA,NA,1.544848,2549,
48,cube0,0.316364,522,0.000000,0.000000,0.000000,0.000000,0.000000,0.000000,NA,NA,
48,vector0,NA,NA,NA,NA,NA,NA,NA,NA,1.530909,2526,
48,vector1,NA,NA,NA,NA,NA,NA,NA,NA,1.868485,3083,
49,cube0,0.352727,582,0.000000,0.000000,0.000000,0.000000,0.000000,0.000000,NA,NA,
49,vector0,NA,NA,NA,NA,NA,NA,NA,NA,1.596364,2634,
49,vector1,NA,NA,NA,NA,NA,NA,NA,NA,1.547879,2554,
50,cube0,0.329091,543,0.000000,0.000000,0.000000,0.000000,0.000000,0.000000,NA,NA,
50,vector0,NA,NA,NA,NA,NA,NA,NA,NA,1.653939,2729,
50,vector1,NA,NA,NA,NA,NA,NA,NA,NA,1.982424,3271,
51,cube0,0.371515,613,0.000000,0.000000,0.000000,0.000000,0.000000,0.000000,NA,NA,
51,vector0,NA,NA,NA,NA,NA,NA,NA,NA,1.690909,2790,
51,vector1,NA,NA,NA,NA,NA,NA,NA,NA,1.587879,2620,
52,cube0,0.305455,504,0.000000,0.000000,0.000000,0.000000,0.000000,0.000000,NA,NA,
52,vector0,NA,NA,NA,NA,NA,NA,NA,NA,1.558788,2572,
52,vector1,NA,NA,NA,NA,NA,NA,NA,NA,1.395151,2302,
53,cube0,0.310303,512,0.000000,0.000000,0.000000,0.000000,0.000000,0.000000,NA,NA,
53,vector0,NA,NA,NA,NA,NA,NA,NA,NA,1.695758,2798,
53,vector1,NA,NA,NA,NA,NA,NA,NA,NA,1.572727,2595,
54,cube0,0.321212,530,0.000000,0.000000,0.000000,0.000000,0.000000,0.000000,NA,NA,
54,vector0,NA,NA,NA,NA,NA,NA,NA,NA,1.475758,2435,
54,vector1,NA,NA,NA,NA,NA,NA,NA,NA,1.804848,2978,
55,cube0,0.352727,582,0.000000,0.000000,0.000000,0.000000,0.000000,0.000000,NA,NA,
55,vector0,NA,NA,NA,NA,NA,NA,NA,NA,1.590303,2624,
55,vector1,NA,NA,NA,NA,NA,NA,NA,NA,1.580000,2607,
56,cube0,0.340000,561,0.000000,0.000000,0.000000,0.000000,0.000000,0.000000,NA,NA,
56,vector0,NA,NA,NA,NA,NA,NA,NA,NA,1.623636,2679,
56,vector1,NA,NA,NA,NA,NA,NA,NA,NA,1.537576,2537,
57,cube0,0.306667,506,0.000000,0.000000,0.000000,0.000000,0.000000,0.000000,NA,NA,
57,vector0,NA,NA,NA,NA,NA,NA,NA,NA,1.818788,3001,
57,vector1,NA,NA,NA,NA,NA,NA,NA,NA,1.663636,2745,
58,cube0,0.364242,601,0.000000,0.000000,0.000000,0.000000,0.000000,0.000000,NA,NA,
58,vector0,NA,NA,NA,NA,NA,NA,NA,NA,1.497576,2471,
58,vector1,NA,NA,NA,NA,NA,NA,NA,NA,1.689091,2787,
59,cube0,0.350909,579,0.000000,0.000000,0.000000,0.000000,0.000000,0.000000,NA,NA,
59,vector0,NA,NA,NA,NA,NA,NA,NA,NA,1.587879,2620,
59,vector1,NA,NA,NA,NA,NA,NA,NA,NA,1.383030,2282,
60,cube0,0.347273,573,0.000000,0.000000,0.000000,0.000000,0.000000,0.000000,NA,NA,
60,vector0,NA,NA,NA,NA,NA,NA,NA,NA,1.565455,2583,
60,vector1,NA,NA,NA,NA,NA,NA,NA,NA,1.529091,2523,
61,cube0,0.293333,484,0.000000,0.000000,0.000000,0.000000,0.000000,0.000000,NA,NA,
61,vector0,NA,NA,NA,NA,NA,NA,NA,NA,1.632121,2693,
61,vector1,NA,NA,NA,NA,NA,NA,NA,NA,1.732121,2858,
62,cube0,0.344848,569,0.000000,0.000000,0.000000,0.000000,0.000000,0.000000,NA,NA,
62,vector0,NA,NA,NA,NA,NA,NA,NA,NA,1.416970,2338,
62,vector1,NA,NA,NA,NA,NA,NA,NA,NA,1.447879,2389,
63,cube0,0.294545,486,0.000000,0.000000,0.000000,0.000000,0.000000,0.000000,NA,NA,
63,vector0,NA,NA,NA,NA,NA,NA,NA,NA,1.426667,2354,
63,vector1,NA,NA,NA,NA,NA,NA,NA,NA,1.502424,2479,
64,cube0,0.363636,600,0.000000,0.000000,0.000000,0.000000,0.000000,0.000000,NA,NA,
64,vector0,NA,NA,NA,NA,NA,NA,NA,NA,1.561818,2577,
64,vector1,NA,NA,NA,NA,NA,NA,NA,NA,1.518182,2505,
65,cube0,0.323636,534,0.000000,0.000000,0.000000,0.000000,0.000000,0.000000,NA,NA,
65,vector0,NA,NA,NA,NA,NA,NA,NA,NA,1.741818,2874,
65,vector1,NA,NA,NA,NA,NA,NA,NA,NA,1.587273,2619,
66,cube0,0.312727,516,0.000000,0.000000,0.000000,0.000000,0.000000,0.000000,NA,NA,
66,vector0,NA,NA,NA,NA,NA,NA,NA,NA,1.512727,2496,
66,vector1,NA,NA,NA,NA,NA,NA,NA,NA,2.020000,3333,
67,cube0,0.343030,566,0.000000,0.000000,0.000000,0.000000,0.000000,0.000000,NA,NA,
67,vector0,NA,NA,NA,NA,NA,NA,NA,NA,1.695758,2798,
67,vector1,NA,NA,NA,NA,NA,NA,NA,NA,1.573333,2596,
68,cube0,0.315152,520,0.000000,0.000000,0.000000,0.000000,0.000000,0.000000,NA,NA,
68,vector0,NA,NA,NA,NA,NA,NA,NA,NA,1.518182,2505,
68,vector1,NA,NA,NA,NA,NA,NA,NA,NA,1.885455,3111,
69,cube0,0.351515,580,0.000000,0.000000,0.000000,0.000000,0.000000,0.000000,NA,NA,
69,vector0,NA,NA,NA,NA,NA,NA,NA,NA,1.736970,2866,
69,vector1,NA,NA,NA,NA,NA,NA,NA,NA,1.689697,2788,
70,cube0,0.329697,544,0.000000,0.000000,0.000000,0.000000,0.000000,0.000000,NA,NA,
70,vector0,NA,NA,NA,NA,NA,NA,NA,NA,1.373333,2266,
70,vector1,NA,NA,NA,NA,NA,NA,NA,NA,1.536364,2535,
71,cube0,0.376970,622,0.000000,0.000000,0.000000,0.000000,0.000000,0.000000,NA,NA,
71,vector0,NA,NA,NA,NA,NA,NA,NA,NA,1.632121,2693,
71,vector1,NA,NA,NA,NA,NA,NA,NA,NA,1.651515,2725,
72,cube0,0.306061,505,0.000000,0.000000,0.000000,0.000000,0.000000,0.000000,NA,NA,
72,vector0,NA,NA,NA,NA,NA,NA,NA,NA,1.460000,2409,
72,vector1,NA,NA,NA,NA,NA,NA,NA,NA,1.366061,2254,
73,cube0,0.308485,509,0.000000,0.000000,0.000000,0.000000,0.000000,0.000000,NA,NA,
73,vector0,NA,NA,NA,NA,NA,NA,NA,NA,1.564849,2582,
73,vector1,NA,NA,NA,NA,NA,NA,NA,NA,1.421818,2346,
74,cube0,0.320000,528,0.000000,0.000000,0.000000,0.000000,0.000000,0.000000,NA,NA,
74,vector0,NA,NA,NA,NA,NA,NA,NA,NA,1.552121,2561,
74,vector1,NA,NA,NA,NA,NA,NA,NA,NA,1.998182,3297,
75,cube0,0.360606,595,0.000000,0.000000,0.000000,0.000000,0.000000,0.000000,NA,NA,
75,vector0,NA,NA,NA,NA,NA,NA,NA,NA,1.732727,2859,
75,vector1,NA,NA,NA,NA,NA,NA,NA,NA,1.597576,2636,
76,cube0,0.343636,567,0.000000,0.000000,0.000000,0.000000,0.000000,0.000000,NA,NA,
76,vector0,NA,NA,NA,NA,NA,NA,NA,NA,1.555151,2566,
76,vector1,NA,NA,NA,NA,NA,NA,NA,NA,1.795758,2963,
77,cube0,0.304242,502,0.000000,0.000000,0.000000,0.000000,0.000000,0.000000,NA,NA,
77,vector0,NA,NA,NA,NA,NA,NA,NA,NA,1.715758,2831,
77,vector1,NA,NA,NA,NA,NA,NA,NA,NA,1.569091,2589,
78,cube0,0.363636,600,0.000000,0.000000,0.000000,0.000000,0.000000,0.000000,NA,NA,
78,vector0,NA,NA,NA,NA,NA,NA,NA,NA,1.648485,2720,
78,vector1,NA,NA,NA,NA,NA,NA,NA,NA,1.417576,2339,
79,cube0,0.348485,575,0.000000,0.000000,0.000000,0.000000,0.000000,0.000000,NA,NA,
79,vector0,NA,NA,NA,NA,NA,NA,NA,NA,1.826667,3014,
79,vector1,NA,NA,NA,NA,NA,NA,NA,NA,1.672121,2759,
80,cube0,0.349091,576,0.000000,0.000000,0.000000,0.000000,0.000000,0.000000,NA,NA,
80,vector0,NA,NA,NA,NA,NA,NA,NA,NA,1.519394,2507,
80,vector1,NA,NA,NA,NA,NA,NA,NA,NA,1.513939,2498,
81,cube0,0.289697,478,0.000000,0.000000,0.000000,0.000000,0.000000,0.000000,NA,NA,
81,vector0,NA,NA,NA,NA,NA,NA,NA,NA,1.627273,2685,
81,vector1,NA,NA,NA,NA,NA,NA,NA,NA,1.614545,2664,
82,cube0,0.344848,569,0.000000,0.000000,0.000000,0.000000,0.000000,0.000000,NA,NA,
82,vector0,NA,NA,NA,NA,NA,NA,NA,NA,1.468485,2423,
82,vector1,NA,NA,NA,NA,NA,NA,NA,NA,1.732121,2858,
83,cube0,0.292727,483,0.000000,0.000000,0.000000,0.000000,0.000000,0.000000,NA,NA,
83,vector0,NA,NA,NA,NA,NA,NA,NA,NA,1.617576,2669,
83,vector1,NA,NA,NA,NA,NA,NA,NA,NA,1.520606,2509,
84,cube0,0.364848,602,0.000000,0.000000,0.000000,0.000000,0.000000,0.000000,NA,NA,
84,vector0,NA,NA,NA,NA,NA,NA,NA,NA,1.480000,2442,
84,vector1,NA,NA,NA,NA,NA,NA,NA,NA,1.541212,2543,
85,cube0,0.323636,534,0.000000,0.000000,0.000000,0.000000,0.000000,0.000000,NA,NA,
85,vector0,NA,NA,NA,NA,NA,NA,NA,NA,1.648485,2720,
85,vector1,NA,NA,NA,NA,NA,NA,NA,NA,1.807273,2982,
86,cube0,0.311515,514,0.000000,0.000000,0.000000,0.000000,0.000000,0.000000,NA,NA,
86,vector0,NA,NA,NA,NA,NA,NA,NA,NA,1.481818,2445,
86,vector1,NA,NA,NA,NA,NA,NA,NA,NA,1.666667,2750,
87,cube0,0.341212,563,0.000000,0.000000,0.000000,0.000000,0.000000,0.000000,NA,NA,
87,vector0,NA,NA,NA,NA,NA,NA,NA,NA,1.447879,2389,
87,vector1,NA,NA,NA,NA,NA,NA,NA,NA,1.619394,2672,
88,cube0,0.315758,521,0.000000,0.000000,0.000000,0.000000,0.000000,0.000000,NA,NA,
88,vector0,NA,NA,NA,NA,NA,NA,NA,NA,1.489091,2457,
88,vector1,NA,NA,NA,NA,NA,NA,NA,NA,1.598182,2637,
89,cube0,0.352121,581,0.000000,0.000000,0.000000,0.000000,0.000000,0.000000,NA,NA,
89,vector0,NA,NA,NA,NA,NA,NA,NA,NA,1.601212,2642,
89,vector1,NA,NA,NA,NA,NA,NA,NA,NA,1.771515,2923,
90,cube0,0.327879,541,0.000000,0.000000,0.000000,0.000000,0.000000,0.000000,NA,NA,
90,vector0,NA,NA,NA,NA,NA,NA,NA,NA,1.760606,2905,
90,vector1,NA,NA,NA,NA,NA,NA,NA,NA,1.902424,3139,
91,cube0,0.383030,632,0.000000,0.000000,0.000000,0.000000,0.000000,0.000000,NA,NA,
91,vector0,NA,NA,NA,NA,NA,NA,NA,NA,1.529091,2523,
91,vector1,NA,NA,NA,NA,NA,NA,NA,NA,1.550303,2558,
92,cube0,0.306667,506,0.000000,0.000000,0.000000,0.000000,0.000000,0.000000,NA,NA,
92,vector0,NA,NA,NA,NA,NA,NA,NA,NA,1.579394,2606,
92,vector1,NA,NA,NA,NA,NA,NA,NA,NA,1.558182,2571,
93,cube0,0.309091,510,0.000000,0.000000,0.000000,0.000000,0.000000,0.000000,NA,NA,
93,vector0,NA,NA,NA,NA,NA,NA,NA,NA,1.511515,2494,
93,vector1,NA,NA,NA,NA,NA,NA,NA,NA,1.505455,2484,
94,cube0,0.317576,524,0.000000,0.000000,0.000000,0.000000,0.000000,0.000000,NA,NA,
94,vector0,NA,NA,NA,NA,NA,NA,NA,NA,1.427273,2355,
94,vector1,NA,NA,NA,NA,NA,NA,NA,NA,1.825455,3012,
95,cube0,0.348485,575,0.000000,0.000000,0.000000,0.000000,0.000000,0.000000,NA,NA,
95,vector0,NA,NA,NA,NA,NA,NA,NA,NA,1.590909,2625,
95,vector1,NA,NA,NA,NA,NA,NA,NA,NA,1.553939,2564,
96,cube0,0.340000,561,0.000000,0.000000,0.000000,0.000000,0.000000,0.000000,NA,NA,
96,vector0,NA,NA,NA,NA,NA,NA,NA,NA,1.461818,2412,
96,vector1,NA,NA,NA,NA,NA,NA,NA,NA,1.432121,2363,
97,cube0,0.312727,516,0.000000,0.000000,0.000000,0.000000,0.000000,0.000000,NA,NA,
97,vector0,NA,NA,NA,NA,NA,NA,NA,NA,1.524242,2515,
97,vector1,NA,NA,NA,NA,NA,NA,NA,NA,1.586667,2618,
98,cube0,0.358182,591,0.000000,0.000000,0.000000,0.000000,0.000000,0.000000,NA,NA,
98,vector0,NA,NA,NA,NA,NA,NA,NA,NA,1.375152,2269,
98,vector1,NA,NA,NA,NA,NA,NA,NA,NA,1.502424,2479,
99,cube0,0.349091,576,0.000000,0.000000,0.000000,0.000000,0.000000,0.000000,NA,NA,
99,vector0,NA,NA,NA,NA,NA,NA,NA,NA,1.581212,2609,
99,vector1,NA,NA,NA,NA,NA,NA,NA,NA,1.663030,2744,
100,cube0,0.347273,573,0.000000,0.000000,0.000000,0.000000,0.000000,0.000000,NA,NA,
100,vector0,NA,NA,NA,NA,NA,NA,NA,NA,1.447879,2389,
100,vector1,NA,NA,NA,NA,NA,NA,NA,NA,1.482424,2446,
101,cube0,0.289091,477,0.000000,0.000000,0.000000,0.000000,0.000000,0.000000,NA,NA,
101,vector0,NA,NA,NA,NA,NA,NA,NA,NA,1.541212,2543,
101,vector1,NA,NA,NA,NA,NA,NA,NA,NA,1.575152,2599,
102,cube0,0.344848,569,0.000000,0.000000,0.000000,0.000000,0.000000,0.000000,NA,NA,
102,vector0,NA,NA,NA,NA,NA,NA,NA,NA,1.378182,2274,
102,vector1,NA,NA,NA,NA,NA,NA,NA,NA,1.474545,2433,
103,cube0,0.292121,482,0.000000,0.000000,0.000000,0.000000,0.000000,0.000000,NA,NA,
103,vector0,NA,NA,NA,NA,NA,NA,NA,NA,1.649091,2721,
103,vector1,NA,NA,NA,NA,NA,NA,NA,NA,1.719394,2837,
104,cube0,0.369091,609,0.000000,0.000000,0.000000,0.000000,0.000000,0.000000,NA,NA,
104,vector0,NA,NA,NA,NA,NA,NA,NA,NA,1.537576,2537,
104,vector1,NA,NA,NA,NA,NA,NA,NA,NA,1.548485,2555,
105,cube0,0.324242,535,0.000000,0.000000,0.000000,0.000000,0.000000,0.000000,NA,NA,
105,vector0,NA,NA,NA,NA,NA,NA,NA,NA,1.904848,3143,
105,vector1,NA,NA,NA,NA,NA,NA,NA,NA,1.751515,2890,
106,cube0,0.313939,518,0.000000,0.000000,0.000000,0.000000,0.000000,0.000000,NA,NA,
106,vector0,NA,NA,NA,NA,NA,NA,NA,NA,1.599394,2639,
106,vector1,NA,NA,NA,NA,NA,NA,NA,NA,1.643030,2711,
107,cube0,0.338788,559,0.000000,0.000000,0.000000,0.000000,0.000000,0.000000,NA,NA,
107,vector0,NA,NA,NA,NA,NA,NA,NA,NA,1.756364,2898,
107,vector1,NA,NA,NA,NA,NA,NA,NA,NA,1.725455,2847,
108,cube0,0.315758,521,0.000000,0.000000,0.000000,0.000000,0.000000,0.000000,NA,NA,
108,vector0,NA,NA,NA,NA,NA,NA,NA,NA,1.518788,2506,
108,vector1,NA,NA,NA,NA,NA,NA,NA,NA,1.405455,2319,
109,cube0,0.353333,583,0.000000,0.000000,0.000000,0.000000,0.000000,0.000000,NA,NA,
109,vector0,NA,NA,NA,NA,NA,NA,NA,NA,1.746667,2882,
109,vector1,NA,NA,NA,NA,NA,NA,NA,NA,1.702424,2809,
110,cube0,0.326667,539,0.000000,0.000000,0.000000,0.000000,0.000000,0.000000,NA,NA,
110,vector0,NA,NA,NA,NA,NA,NA,NA,NA,1.515152,2500,
110,vector1,NA,NA,NA,NA,NA,NA,NA,NA,1.552727,2562,
111,cube0,0.375758,620,0.000000,0.000000,0.000000,0.000000,0.000000,0.000000,NA,NA,
111,vector0,NA,NA,NA,NA,NA,NA,NA,NA,1.653333,2728,
111,vector1,NA,NA,NA,NA,NA,NA,NA,NA,1.623030,2678,
112,cube0,0.306667,506,0.000000,0.000000,0.000000,0.000000,0.000000,0.000000,NA,NA,
112,vector0,NA,NA,NA,NA,NA,NA,NA,NA,1.566061,2584,
112,vector1,NA,NA,NA,NA,NA,NA,NA,NA,1.524848,2516,
113,cube0,0.311515,514,0.000000,0.000000,0.000000,0.000000,0.000000,0.000000,NA,NA,
113,vector0,NA,NA,NA,NA,NA,NA,NA,NA,1.818788,3001,
113,vector1,NA,NA,NA,NA,NA,NA,NA,NA,1.691515,2791,
114,cube0,0.321818,531,0.000000,0.000000,0.000000,0.000000,0.000000,0.000000,NA,NA,
114,vector0,NA,NA,NA,NA,NA,NA,NA,NA,1.870303,3086,
114,vector1,NA,NA,NA,NA,NA,NA,NA,NA,1.379394,2276,
115,cube0,0.349091,576,0.000000,0.000000,0.000000,0.000000,0.000000,0.000000,NA,NA,
115,vector0,NA,NA,NA,NA,NA,NA,NA,NA,1.495152,2467,
115,vector1,NA,NA,NA,NA,NA,NA,NA,NA,1.568485,2588,
116,cube0,0.336970,556,0.000000,0.000000,0.000000,0.000000,0.000000,0.000000,NA,NA,
116,vector0,NA,NA,NA,NA,NA,NA,NA,NA,1.381212,2279,
116,vector1,NA,NA,NA,NA,NA,NA,NA,NA,1.847273,3048,
117,cube0,0.302424,499,0.000000,0.000000,0.000000,0.000000,0.000000,0.000000,NA,NA,
117,vector0,NA,NA,NA,NA,NA,NA,NA,NA,1.493939,2465,
117,vector1,NA,NA,NA,NA,NA,NA,NA,NA,1.658182,2736,
118,cube0,0.360000,594,0.000000,0.000000,0.000000,0.000000,0.000000,0.000000,NA,NA,
118,vector0,NA,NA,NA,NA,NA,NA,NA,NA,1.532121,2528,
118,vector1,NA,NA,NA,NA,NA,NA,NA,NA,1.535151,2533,
119,cube0,0.349091,576,0.000000,0.000000,0.000000,0.000000,0.000000,0.000000,NA,NA,
119,vector0,NA,NA,NA,NA,NA,NA,NA,NA,1.561212,2576,
119,vector1,NA,NA,NA,NA,NA,NA,NA,NA,1.672121,2759,
120,cube0,0.347273,573,0.000000,0.000000,0.000000,0.000000,0.000000,0.000000,NA,NA,
120,vector0,NA,NA,NA,NA,NA,NA,NA,NA,1.547273,2553,
120,vector1,NA,NA,NA,NA,NA,NA,NA,NA,1.538788,2539,
121,cube0,0.287879,475,0.000000,0.000000,0.000000,0.000000,0.000000,0.000000,NA,NA,
121,vector0,NA,NA,NA,NA,NA,NA,NA,NA,1.693333,2794,
121,vector1,NA,NA,NA,NA,NA,NA,NA,NA,1.573939,2597,
122,cube0,0.346061,571,0.000000,0.000000,0.000000,0.000000,0.000000,0.000000,NA,NA,
122,vector0,NA,NA,NA,NA,NA,NA,NA,NA,1.546061,2551,
122,vector1,NA,NA,NA,NA,NA,NA,NA,NA,1.856364,3063,
123,cube0,0.303636,501,0.000000,0.000000,0.000000,0.000000,0.000000,0.000000,NA,NA,
123,vector0,NA,NA,NA,NA,NA,NA,NA,NA,1.624242,2680,
123,vector1,NA,NA,NA,NA,NA,NA,NA,NA,1.537576,2537,
124,cube0,0.370303,611,0.000000,0.000000,0.000000,0.000000,0.000000,0.000000,NA,NA,
124,vector0,NA,NA,NA,NA,NA,NA,NA,NA,1.824849,3011,
124,vector1,NA,NA,NA,NA,NA,NA,NA,NA,1.792727,2958,
125,cube0,0.330909,546,0.000000,0.000000,0.000000,0.000000,0.000000,0.000000,NA,NA,
125,vector0,NA,NA,NA,NA,NA,NA,NA,NA,1.440606,2377,
125,vector1,NA,NA,NA,NA,NA,NA,NA,NA,1.526667,2519,
126,cube0,0.315152,520,0.000000,0.000000,0.000000,0.000000,0.000000,0.000000,NA,NA,
126,vector0,NA,NA,NA,NA,NA,NA,NA,NA,1.563636,2580,
126,vector1,NA,NA,NA,NA,NA,NA,NA,NA,1.506667,2486,
127,cube0,0.344848,569,0.000000,0.000000,0.000000,0.000000,0.000000,0.000000,NA,NA,
127,vector0,NA,NA,NA,NA,NA,NA,NA,NA,1.732121,2858,
127,vector1,NA,NA,NA,NA,NA,NA,NA,NA,1.680606,2773,
128,cube0,0.316364,522,0.000000,0.000000,0.000000,0.000000,0.000000,0.000000,NA,NA,
128,vector0,NA,NA,NA,NA,NA,NA,NA,NA,1.406667,2321,
128,vector1,NA,NA,NA,NA,NA,NA,NA,NA,1.510303,2492,
129,cube0,0.348485,575,0.000000,0.000000,0.000000,0.000000,0.000000,0.000000,NA,NA,
129,vector0,NA,NA,NA,NA,NA,NA,NA,NA,1.490909,2460,
129,vector1,NA,NA,NA,NA,NA,NA,NA,NA,1.618788,2671,
130,cube0,0.335758,554,0.000000,0.000000,0.000000,0.000000,0.000000,0.000000,NA,NA,
130,vector0,NA,NA,NA,NA,NA,NA,NA,NA,1.391515,2296,
130,vector1,NA,NA,NA,NA,NA,NA,NA,NA,1.441818,2379,
131,cube0,0.374545,618,0.000000,0.000000,0.000000,0.000000,0.000000,0.000000,NA,NA,
131,vector0,NA,NA,NA,NA,NA,NA,NA,NA,1.608485,2654,
131,vector1,NA,NA,NA,NA,NA,NA,NA,NA,1.667273,2751,
132,cube0,0.306061,505,0.000000,0.000000,0.000000,0.000000,0.000000,0.000000,NA,NA,
132,vector0,NA,NA,NA,NA,NA,NA,NA,NA,1.550303,2558,
132,vector1,NA,NA,NA,NA,NA,NA,NA,NA,1.481818,2445,
133,cube0,0.309091,510,0.000000,0.000000,0.000000,0.000000,0.000000,0.000000,NA,NA,
133,vector0,NA,NA,NA,NA,NA,NA,NA,NA,1.476364,2436,
133,vector1,NA,NA,NA,NA,NA,NA,NA,NA,1.558182,2571,
134,cube0,0.320000,528,0.000000,0.000000,0.000000,0.000000,0.000000,0.000000,NA,NA,
134,vector0,NA,NA,NA,NA,NA,NA,NA,NA,1.577576,2603,
134,vector1,NA,NA,NA,NA,NA,NA,NA,NA,1.495152,2467,
135,cube0,0.352727,582,0.000000,0.000000,0.000000,0.000000,0.000000,0.000000,NA,NA,
135,vector0,NA,NA,NA,NA,NA,NA,NA,NA,1.758182,2901,
135,vector1,NA,NA,NA,NA,NA,NA,NA,NA,1.536364,2535,
136,cube0,0.340000,561,0.000000,0.000000,0.000000,0.000000,0.000000,0.000000,NA,NA,
136,vector0,NA,NA,NA,NA,NA,NA,NA,NA,1.895758,3128,
136,vector1,NA,NA,NA,NA,NA,NA,NA,NA,1.756364,2898,
137,cube0,0.306667,506,0.000000,0.000000,0.000000,0.000000,0.000000,0.000000,NA,NA,
137,vector0,NA,NA,NA,NA,NA,NA,NA,NA,1.613939,2663,
137,vector1,NA,NA,NA,NA,NA,NA,NA,NA,1.447879,2389,
138,cube0,0.362424,598,0.000000,0.000000,0.000000,0.000000,0.000000,0.000000,NA,NA,
138,vector0,NA,NA,NA,NA,NA,NA,NA,NA,1.554545,2565,
138,vector1,NA,NA,NA,NA,NA,NA,NA,NA,1.536970,2536,
139,cube0,0.350303,578,0.000000,0.000000,0.000000,0.000000,0.000000,0.000000,NA,NA,
139,vector0,NA,NA,NA,NA,NA,NA,NA,NA,1.686667,2783,
139,vector1,NA,NA,NA,NA,NA,NA,NA,NA,1.692121,2792,
140,cube0,0.349697,577,0.000000,0.000000,0.000000,0.000000,0.000000,0.000000,NA,NA,
140,vector0,NA,NA,NA,NA,NA,NA,NA,NA,1.515152,2500,
140,vector1,NA,NA,NA,NA,NA,NA,NA,NA,1.512727,2496,
141,cube0,0.286667,473,0.000000,0.000000,0.000000,0.000000,0.000000,0.000000,NA,NA,
141,vector0,NA,NA,NA,NA,NA,NA,NA,NA,1.611515,2659,
141,vector1,NA,NA,NA,NA,NA,NA,NA,NA,1.597576,2636,
142,cube0,0.344848,569,0.000000,0.000000,0.000000,0.000000,0.000000,0.000000,NA,NA,
142,vector0,NA,NA,NA,NA,NA,NA,NA,NA,1.494545,2466,
142,vector1,NA,NA,NA,NA,NA,NA,NA,NA,1.923030,3173,
143,cube0,0.290909,480,0.000000,0.000000,0.000000,0.000000,0.000000,0.000000,NA,NA,
143,vector0,NA,NA,NA,NA,NA,NA,NA,NA,1.578182,2604,
143,vector1,NA,NA,NA,NA,NA,NA,NA,NA,1.441818,2379,
144,cube0,0.369697,610,0.000000,0.000000,0.000000,0.000000,0.000000,0.000000,NA,NA,
144,vector0,NA,NA,NA,NA,NA,NA,NA,NA,1.561818,2577,
144,vector1,NA,NA,NA,NA,NA,NA,NA,NA,1.837576,3032,
145,cube0,0.323636,534,0.000000,0.000000,0.000000,0.000000,0.000000,0.000000,NA,NA,
145,vector0,NA,NA,NA,NA,NA,NA,NA,NA,1.603636,2646,
145,vector1,NA,NA,NA,NA,NA,NA,NA,NA,1.650909,2724,
146,cube0,0.347273,573,0.000000,0.000000,0.000000,0.000000,0.000000,0.000000,NA,NA,
146,vector0,NA,NA,NA,NA,NA,NA,NA,NA,1.529091,2523,
146,vector1,NA,NA,NA,NA,NA,NA,NA,NA,1.392121,2297,
147,cube0,0.340606,562,0.000000,0.000000,0.000000,0.000000,0.000000,0.000000,NA,NA,
147,vector0,NA,NA,NA,NA,NA,NA,NA,NA,1.646061,2716,
147,vector1,NA,NA,NA,NA,NA,NA,NA,NA,1.513939,2498,
148,cube0,0.330909,546,0.000000,0.000000,0.000000,0.000000,0.000000,0.000000,NA,NA,
148,vector0,NA,NA,NA,NA,NA,NA,NA,NA,1.850909,3054,
148,vector1,NA,NA,NA,NA,NA,NA,NA,NA,1.851515,3055,
149,cube0,0.350909,579,0.000000,0.000000,0.000000,0.000000,0.000000,0.000000,NA,NA,
149,vector0,NA,NA,NA,NA,NA,NA,NA,NA,1.424242,2350,
149,vector1,NA,NA,NA,NA,NA,NA,NA,NA,1.482424,2446,
150,cube0,0.329091,543,0.000000,0.000000,0.000000,0.000000,0.000000,0.000000,NA,NA,
150,vector0,NA,NA,NA,NA,NA,NA,NA,NA,1.429091,2358,
150,vector1,NA,NA,NA,NA,NA,NA,NA,NA,1.507273,2487,
151,cube0,0.372727,615,0.000000,0.000000,0.000000,0.000000,0.000000,0.000000,NA,NA,
151,vector0,NA,NA,NA,NA,NA,NA,NA,NA,1.497576,2471,
151,vector1,NA,NA,NA,NA,NA,NA,NA,NA,1.683030,2777,
152,cube0,0.304848,503,0.000000,0.000000,0.000000,0.000000,0.000000,0.000000,NA,NA,
152,vector0,NA,NA,NA,NA,NA,NA,NA,NA,1.418182,2340,
152,vector1,NA,NA,NA,NA,NA,NA,NA,NA,1.715152,2830,
153,cube0,0.309091,510,0.000000,0.000000,0.000000,0.000000,0.000000,0.000000,NA,NA,
153,vector0,NA,NA,NA,NA,NA,NA,NA,NA,1.691515,2791,
153,vector1,NA,NA,NA,NA,NA,NA,NA,NA,1.378182,2274,
154,cube0,0.320000,528,0.000000,0.000000,0.000000,0.000000,0.000000,0.000000,NA,NA,
154,vector0,NA,NA,NA,NA,NA,NA,NA,NA,1.604242,2647,
154,vector1,NA,NA,NA,NA,NA,NA,NA,NA,1.512121,2495,
155,cube0,0.349697,577,0.000000,0.000000,0.000000,0.000000,0.000000,0.000000,NA,NA,
155,vector0,NA,NA,NA,NA,NA,NA,NA,NA,1.716970,2833,
155,vector1,NA,NA,NA,NA,NA,NA,NA,NA,1.506061,2485,
156,cube0,0.340606,562,0.000000,0.000000,0.000000,0.000000,0.000000,0.000000,NA,NA,
156,vector0,NA,NA,NA,NA,NA,NA,NA,NA,1.793333,2959,
156,vector1,NA,NA,NA,NA,NA,NA,NA,NA,1.482424,2446,
157,cube0,0.304242,502,0.000000,0.000000,0.000000,0.000000,0.000000,0.000000,NA,NA,
157,vector0,NA,NA,NA,NA,NA,NA,NA,NA,1.787273,2949,
157,vector1,NA,NA,NA,NA,NA,NA,NA,NA,1.579394,2606,
158,cube0,0.361212,596,0.000000,0.000000,0.000000,0.000000,0.000000,0.000000,NA,NA,
158,vector0,NA,NA,NA,NA,NA,NA,NA,NA,1.567879,2587,
158,vector1,NA,NA,NA,NA,NA,NA,NA,NA,1.446667,2387,
159,cube0,0.351515,580,0.000000,0.000000,0.000000,0.000000,0.000000,0.000000,NA,NA,
159,vector0,NA,NA,NA,NA,NA,NA,NA,NA,1.766667,2915,
159,vector1,NA,NA,NA,NA,NA,NA,NA,NA,1.692121,2792,
160,cube0,0.347879,574,0.000000,0.000000,0.000000,0.000000,0.000000,0.000000,NA,NA,
160,vector0,NA,NA,NA,NA,NA,NA,NA,NA,1.392727,2298,
160,vector1,NA,NA,NA,NA,NA,NA,NA,NA,1.825455,3012,
161,cube0,0.290303,479,0.000000,0.000000,0.000000,0.000000,0.000000,0.000000,NA,NA,
161,vector0,NA,NA,NA,NA,NA,NA,NA,NA,1.571515,2593,
161,vector1,NA,NA,NA,NA,NA,NA,NA,NA,1.840000,3036,
162,cube0,0.345455,570,0.000000,0.000000,0.000000,0.000000,0.000000,0.000000,NA,NA,
162,vector0,NA,NA,NA,NA,NA,NA,NA,NA,1.854545,3060,
162,vector1,NA,NA,NA,NA,NA,NA,NA,NA,1.681212,2774,
163,cube0,0.293333,484,0.000000,0.000000,0.000000,0.000000,0.000000,0.000000,NA,NA,
163,vector0,NA,NA,NA,NA,NA,NA,NA,NA,1.593939,2630,
163,vector1,NA,NA,NA,NA,NA,NA,NA,NA,1.570909,2592,
164,cube0,0.369091,609,0.000000,0.000000,0.000000,0.000000,0.000000,0.000000,NA,NA,
164,vector0,NA,NA,NA,NA,NA,NA,NA,NA,1.531515,2527,
164,vector1,NA,NA,NA,NA,NA,NA,NA,NA,1.518182,2505,
165,cube0,0.323636,534,0.000000,0.000000,0.000000,0.000000,0.000000,0.000000,NA,NA,
165,vector0,NA,NA,NA,NA,NA,NA,NA,NA,1.688485,2786,
165,vector1,NA,NA,NA,NA,NA,NA,NA,NA,1.545455,2550,
166,cube0,0.313939,518,0.000000,0.000000,0.000000,0.000000,0.000000,0.000000,NA,NA,
166,vector0,NA,NA,NA,NA,NA,NA,NA,NA,1.379394,2276,
166,vector1,NA,NA,NA,NA,NA,NA,NA,NA,1.504848,2483,
167,cube0,0.340606,562,0.000000,0.000000,0.000000,0.000000,0.000000,0.000000,NA,NA,
167,vector0,NA,NA,NA,NA,NA,NA,NA,NA,1.626061,2683,
167,vector1,NA,NA,NA,NA,NA,NA,NA,NA,1.660000,2739,
168,cube0,0.319394,527,0.000000,0.000000,0.000000,0.000000,0.000000,0.000000,NA,NA,
168,vector0,NA,NA,NA,NA,NA,NA,NA,NA,1.849091,3051,
168,vector1,NA,NA,NA,NA,NA,NA,NA,NA,1.541818,2544,
169,cube0,0.349091,576,0.000000,0.000000,0.000000,0.000000,0.000000,0.000000,NA,NA,
169,vector0,NA,NA,NA,NA,NA,NA,NA,NA,1.623030,2678,
169,vector1,NA,NA,NA,NA,NA,NA,NA,NA,1.635758,2699,
170,cube0,0.335758,554,0.000000,0.000000,0.000000,0.000000,0.000000,0.000000,NA,NA,
170,vector0,NA,NA,NA,NA,NA,NA,NA,NA,1.456970,2404,
170,vector1,NA,NA,NA,NA,NA,NA,NA,NA,1.563030,2579,
171,cube0,0.374545,618,0.000000,0.000000,0.000000,0.000000,0.000000,0.000000,NA,NA,
171,vector0,NA,NA,NA,NA,NA,NA,NA,NA,1.580606,2608,
171,vector1,NA,NA,NA,NA,NA,NA,NA,NA,1.767879,2917,
172,cube0,0.307273,507,0.000000,0.000000,0.000000,0.000000,0.000000,0.000000,NA,NA,
172,vector0,NA,NA,NA,NA,NA,NA,NA,NA,1.612727,2661,
172,vector1,NA,NA,NA,NA,NA,NA,NA,NA,1.565455,2583,
173,cube0,0.309091,510,0.000000,0.000000,0.000000,0.000000,0.000000,0.000000,NA,NA,
173,vector0,NA,NA,NA,NA,NA,NA,NA,NA,1.610909,2658,
173,vector1,NA,NA,NA,NA,NA,NA,NA,NA,1.620606,2674,
174,cube0,0.318182,525,0.000000,0.000000,0.000000,0.000000,0.000000,0.000000,NA,NA,
174,vector0,NA,NA,NA,NA,NA,NA,NA,NA,1.582424,2611,
174,vector1,NA,NA,NA,NA,NA,NA,NA,NA,1.518788,2506,
175,cube0,0.349697,577,0.000000,0.000000,0.000000,0.000000,0.000000,0.000000,NA,NA,
175,vector0,NA,NA,NA,NA,NA,NA,NA,NA,1.745455,2880,
175,vector1,NA,NA,NA,NA,NA,NA,NA,NA,1.578788,2605,
176,cube0,0.340000,561,0.000000,0.000000,0.000000,0.000000,0.000000,0.000000,NA,NA,
176,vector0,NA,NA,NA,NA,NA,NA,NA,NA,1.995758,3293,
176,vector1,NA,NA,NA,NA,NA,NA,NA,NA,1.903030,3140,
177,cube0,0.306061,505,0.000000,0.000000,0.000000,0.000000,0.000000,0.000000,NA,NA,
177,vector0,NA,NA,NA,NA,NA,NA,NA,NA,1.547879,2554,
177,vector1,NA,NA,NA,NA,NA,NA,NA,NA,1.568485,2588,
178,cube0,0.360606,595,0.000000,0.000000,0.000000,0.000000,0.000000,0.000000,NA,NA,
178,vector0,NA,NA,NA,NA,NA,NA,NA,NA,1.518788,2506,
178,vector1,NA,NA,NA,NA,NA,NA,NA,NA,1.453333,2398,
179,cube0,0.349091,576,0.000000,0.000000,0.000000,0.000000,0.000000,0.000000,NA,NA,
179,vector0,NA,NA,NA,NA,NA,NA,NA,NA,1.709091,2820,
179,vector1,NA,NA,NA,NA,NA,NA,NA,NA,1.570909,2592,
180,cube0,0.345455,570,0.000000,0.000000,0.000000,0.000000,0.000000,0.000000,NA,NA,
180,vector0,NA,NA,NA,NA,NA,NA,NA,NA,1.539394,2540,
180,vector1,NA,NA,NA,NA,NA,NA,NA,NA,1.521212,2510,
181,cube0,0.293939,485,0.000000,0.000000,0.000000,0.000000,0.000000,0.000000,NA,NA,
181,vector0,NA,NA,NA,NA,NA,NA,NA,NA,1.673333,2761,
181,vector1,NA,NA,NA,NA,NA,NA,NA,NA,1.735152,2863,
182,cube0,0.346667,572,0.000000,0.000000,0.000000,0.000000,0.000000,0.000000,NA,NA,
182,vector0,NA,NA,NA,NA,NA,NA,NA,NA,2.026061,3343,
182,vector1,NA,NA,NA,NA,NA,NA,NA,NA,1.364242,2251,
183,cube0,0.292121,482,0.000000,0.000000,0.000000,0.000000,0.000000,0.000000,NA,NA,
183,vector0,NA,NA,NA,NA,NA,NA,NA,NA,1.373939,2267,
183,vector1,NA,NA,NA,NA,NA,NA,NA,NA,1.381212,2279,
184,cube0,0.369091,609,0.000000,0.000000,0.000000,0.000000,0.000000,0.000000,NA,NA,
184,vector0,NA,NA,NA,NA,NA,NA,NA,NA,1.504848,2483,
184,vector1,NA,NA,NA,NA,NA,NA,NA,NA,1.568485,2588,
185,cube0,0.323636,534,0.000000,0.000000,0.000000,0.000000,0.000000,0.000000,NA,NA,
185,vector0,NA,NA,NA,NA,NA,NA,NA,NA,1.806667,2981,
185,vector1,NA,NA,NA,NA,NA,NA,NA,NA,1.643636,2712,
186,cube0,0.313333,517,0.000000,0.000000,0.000000,0.000000,0.000000,0.000000,NA,NA,
186,vector0,NA,NA,NA,NA,NA,NA,NA,NA,1.445455,2385,
186,vector1,NA,NA,NA,NA,NA,NA,NA,NA,1.518182,2505,
187,cube0,0.338788,559,0.000000,0.000000,0.000000,0.000000,0.000000,0.000000,NA,NA,
187,vector0,NA,NA,NA,NA,NA,NA,NA,NA,1.603030,2645,
187,vector1,NA,NA,NA,NA,NA,NA,NA,NA,1.624242,2680,
188,cube0,0.316970,523,0.000000,0.000000,0.000000,0.000000,0.000000,0.000000,NA,NA,
188,vector0,NA,NA,NA,NA,NA,NA,NA,NA,1.486061,2452,
188,vector1,NA,NA,NA,NA,NA,NA,NA,NA,1.393939,2300,
189,cube0,0.354545,585,0.000000,0.000000,0.000000,0.000000,0.000000,0.000000,NA,NA,
189,vector0,NA,NA,NA,NA,NA,NA,NA,NA,1.612727,2661,
189,vector1,NA,NA,NA,NA,NA,NA,NA,NA,1.438182,2373,
190,cube0,0.330909,546,0.000000,0.000000,0.000000,0.000000,0.000000,0.000000,NA,NA,
190,vector0,NA,NA,NA,NA,NA,NA,NA,NA,1.523030,2513,
190,vector1,NA,NA,NA,NA,NA,NA,NA,NA,1.487273,2454,
191,cube0,0.370303,611,0.000000,0.000000,0.000000,0.000000,0.000000,0.000000,NA,NA,
191,vector0,NA,NA,NA,NA,NA,NA,NA,NA,1.655151,2731,
191,vector1,NA,NA,NA,NA,NA,NA,NA,NA,1.681212,2774,
192,cube0,0.303636,501,0.000000,0.000000,0.000000,0.000000,0.000000,0.000000,NA,NA,
192,vector0,NA,NA,NA,NA,NA,NA,NA,NA,1.627273,2685,
192,vector1,NA,NA,NA,NA,NA,NA,NA,NA,1.467273,2421,
193,cube0,0.308485,509,0.000000,0.000000,0.000000,0.000000,0.000000,0.000000,NA,NA,
193,vector0,NA,NA,NA,NA,NA,NA,NA,NA,1.736364,2865,
193,vector1,NA,NA,NA,NA,NA,NA,NA,NA,1.553333,2563,
194,cube0,0.320606,529,0.000000,0.000000,0.000000,0.000000,0.000000,0.000000,NA,NA,
194,vector0,NA,NA,NA,NA,NA,NA,NA,NA,1.425454,2352,
194,vector1,NA,NA,NA,NA,NA,NA,NA,NA,1.529697,2524,
195,cube0,0.350303,578,0.000000,0.000000,0.000000,0.000000,0.000000,0.000000,NA,NA,
195,vector0,NA,NA,NA,NA,NA,NA,NA,NA,1.667879,2752,
195,vector1,NA,NA,NA,NA,NA,NA,NA,NA,1.601212,2642,
196,cube0,0.340000,561,0.000000,0.000000,0.000000,0.000000,0.000000,0.000000,NA,NA,
196,vector0,NA,NA,NA,NA,NA,NA,NA,NA,1.641818,2709,
196,vector1,NA,NA,NA,NA,NA,NA,NA,NA,1.746061,2881,
197,cube0,0.304848,503,0.000000,0.000000,0.000000,0.000000,0.000000,0.000000,NA,NA,
197,vector0,NA,NA,NA,NA,NA,NA,NA,NA,1.824242,3010,
197,vector1,NA,NA,NA,NA,NA,NA,NA,NA,1.852121,3056,
198,cube0,0.361818,597,0.000000,0.000000,0.000000,0.000000,0.000000,0.000000,NA,NA,
198,vector0,NA,NA,NA,NA,NA,NA,NA,NA,1.463636,2415,
198,vector1,NA,NA,NA,NA,NA,NA,NA,NA,1.478182,2439,
199,cube0,0.349091,576,0.000000,0.000000,0.000000,0.000000,0.000000,0.000000,NA,NA,
199,vector0,NA,NA,NA,NA,NA,NA,NA,NA,1.649091,2721,
199,vector1,NA,NA,NA,NA,NA,NA,NA,NA,1.655758,2732,
200,cube0,0.350303,578,0.000000,0.000000,0.000000,0.000000,0.000000,0.000000,NA,NA,
200,vector0,NA,NA,NA,NA,NA,NA,NA,NA,1.493939,2465,
200,vector1,NA,NA,NA,NA,NA,NA,NA,NA,1.538788,2539,
201,cube0,0.290909,480,0.000000,0.000000,0.000000,0.000000,0.000000,0.000000,NA,NA,
201,vector0,NA,NA,NA,NA,NA,NA,NA,NA,1.641212,2708,
201,vector1,NA,NA,NA,NA,NA,NA,NA,NA,1.717576,2834,
202,cube0,0.353333,583,0.000000,0.000000,0.000000,0.000000,0.000000,0.000000,NA,NA,
202,vector0,NA,NA,NA,NA,NA,NA,NA,NA,1.541212,2543,
202,vector1,NA,NA,NA,NA,NA,NA,NA,NA,1.537576,2537,
203,cube0,0.293939,485,0.000000,0.000000,0.000000,0.000000,0.000000,0.000000,NA,NA,
203,vector0,NA,NA,NA,NA,NA,NA,NA,NA,1.523030,2513,
203,vector1,NA,NA,NA,NA,NA,NA,NA,NA,1.488485,2456,
204,cube0,0.367879,607,0.000000,0.000000,0.000000,0.000000,0.000000,0.000000,NA,NA,
204,vector0,NA,NA,NA,NA,NA,NA,NA,NA,1.602424,2644,
204,vector1,NA,NA,NA,NA,NA,NA,NA,NA,1.513333,2497,
205,cube0,0.325455,537,0.000000,0.000000,0.000000,0.000000,0.000000,0.000000,NA,NA,
205,vector0,NA,NA,NA,NA,NA,NA,NA,NA,1.678788,2770,
205,vector1,NA,NA,NA,NA,NA,NA,NA,NA,1.607273,2652,
206,cube0,0.310303,512,0.000000,0.000000,0.000000,0.000000,0.000000,0.000000,NA,NA,
206,vector0,NA,NA,NA,NA,NA,NA,NA,NA,1.522424,2512,
206,vector1,NA,NA,NA,NA,NA,NA,NA,NA,1.523636,2514,
207,cube0,0.339394,560,0.000000,0.000000,0.000000,0.000000,0.000000,0.000000,NA,NA,
207,vector0,NA,NA,NA,NA,NA,NA,NA,NA,1.621818,2676,
207,vector1,NA,NA,NA,NA,NA,NA,NA,NA,1.575758,2600,
208,cube0,0.313333,517,0.000000,0.000000,0.000000,0.000000,0.000000,0.000000,NA,NA,
208,vector0,NA,NA,NA,NA,NA,NA,NA,NA,1.524848,2516,
208,vector1,NA,NA,NA,NA,NA,NA,NA,NA,1.687879,2785,
209,cube0,0.350909,579,0.000000,0.000000,0.000000,0.000000,0.000000,0.000000,NA,NA,
209,vector0,NA,NA,NA,NA,NA,NA,NA,NA,1.805454,2979,
209,vector1,NA,NA,NA,NA,NA,NA,NA,NA,1.781212,2939,
210,cube0,0.329091,543,0.000000,0.000000,0.000000,0.000000,0.000000,0.000000,NA,NA,
210,vector0,NA,NA,NA,NA,NA,NA,NA,NA,1.516970,2503,
210,vector1,NA,NA,NA,NA,NA,NA,NA,NA,1.520606,2509,
211,cube0,0.372121,614,0.000000,0.000000,0.000000,0.000000,0.000000,0.000000,NA,NA,
211,vector0,NA,NA,NA,NA,NA,NA,NA,NA,1.641212,2708,
211,vector1,NA,NA,NA,NA,NA,NA,NA,NA,1.780606,2938,
212,cube0,0.306667,506,0.000000,0.000000,0.000000,0.000000,0.000000,0.000000,NA,NA,
212,vector0,NA,NA,NA,NA,NA,NA,NA,NA,1.499394,2474,
212,vector1,NA,NA,NA,NA,NA,NA,NA,NA,1.700606,2806,
213,cube0,0.310909,513,0.000000,0.000000,0.000000,0.000000,0.000000,0.000000,NA,NA,
213,vector0,NA,NA,NA,NA,NA,NA,NA,NA,1.626667,2684,
213,vector1,NA,NA,NA,NA,NA,NA,NA,NA,1.737576,2867,
214,cube0,0.320000,528,0.000000,0.000000,0.000000,0.000000,0.000000,0.000000,NA,NA,
214,vector0,NA,NA,NA,NA,NA,NA,NA,NA,1.961818,3237,
214,vector1,NA,NA,NA,NA,NA,NA,NA,NA,1.538182,2538,
215,cube0,0.348485,575,0.000000,0.000000,0.000000,0.000000,0.000000,0.000000,NA,NA,
215,vector0,NA,NA,NA,NA,NA,NA,NA,NA,1.476970,2437,
215,vector1,NA,NA,NA,NA,NA,NA,NA,NA,1.632727,2694,
216,cube0,0.338182,558,0.000000,0.000000,0.000000,0.000000,0.000000,0.000000,NA,NA,
216,vector0,NA,NA,NA,NA,NA,NA,NA,NA,1.912727,3156,
216,vector1,NA,NA,NA,NA,NA,NA,NA,NA,1.909091,3150,
217,cube0,0.306061,505,0.000000,0.000000,0.000000,0.000000,0.000000,0.000000,NA,NA,
217,vector0,NA,NA,NA,NA,NA,NA,NA,NA,1.423030,2348,
217,vector1,NA,NA,NA,NA,NA,NA,NA,NA,1.561818,2577,
218,cube0,0.359394,593,0.000000,0.000000,0.000000,0.000000,0.000000,0.000000,NA,NA,
218,vector0,NA,NA,NA,NA,NA,NA,NA,NA,1.596970,2635,
218,vector1,NA,NA,NA,NA,NA,NA,NA,NA,1.463636,2415,
219,cube0,0.350303,578,0.000000,0.000000,0.000000,0.000000,0.000000,0.000000,NA,NA,
219,vector0,NA,NA,NA,NA,NA,NA,NA,NA,1.684848,2780,
219,vector1,NA,NA,NA,NA,NA,NA,NA,NA,1.596364,2634,
220,cube0,0.351515,580,0.000000,0.000000,0.000000,0.000000,0.000000,0.000000,NA,NA,
220,vector0,NA,NA,NA,NA,NA,NA,NA,NA,1.376970,2272,
220,vector1,NA,NA,NA,NA,NA,NA,NA,NA,1.549697,2557,
221,cube0,0.289697,478,0.000000,0.000000,0.000000,0.000000,0.000000,0.000000,NA,NA,
221,vector0,NA,NA,NA,NA,NA,NA,NA,NA,1.594545,2631,
221,vector1,NA,NA,NA,NA,NA,NA,NA,NA,1.755152,2896,
222,cube0,0.343030,566,0.000000,0.000000,0.000000,0.000000,0.000000,0.000000,NA,NA,
222,vector0,NA,NA,NA,NA,NA,NA,NA,NA,1.532727,2529,
222,vector1,NA,NA,NA,NA,NA,NA,NA,NA,1.401818,2313,
223,cube0,0.291515,481,0.000000,0.000000,0.000000,0.000000,0.000000,0.000000,NA,NA,
223,vector0,NA,NA,NA,NA,NA,NA,NA,NA,1.638182,2703,
223,vector1,NA,NA,NA,NA,NA,NA,NA,NA,1.456364,2403,
224,cube0,0.367879,607,0.000000,0.000000,0.000000,0.000000,0.000000,0.000000,NA,NA,
224,vector0,NA,NA,NA,NA,NA,NA,NA,NA,1.464849,2417,
224,vector1,NA,NA,NA,NA,NA,NA,NA,NA,1.580606,2608,
225,cube0,0.321818,531,0.000000,0.000000,0.000000,0.000000,0.000000,0.000000,NA,NA,
225,vector0,NA,NA,NA,NA,NA,NA,NA,NA,1.665455,2748,
225,vector1,NA,NA,NA,NA,NA,NA,NA,NA,1.664242,2746,
226,cube0,0.312727,516,0.000000,0.000000,0.000000,0.000000,0.000000,0.000000,NA,NA,
226,vector0,NA,NA,NA,NA,NA,NA,NA,NA,1.551515,2560,
226,vector1,NA,NA,NA,NA,NA,NA,NA,NA,1.539394,2540,
227,cube0,0.340000,561,0.000000,0.000000,0.000000,0.000000,0.000000,0.000000,NA,NA,
227,vector0,NA,NA,NA,NA,NA,NA,NA,NA,1.635152,2698,
227,vector1,NA,NA,NA,NA,NA,NA,NA,NA,1.597576,2636,
228,cube0,0.316364,522,0.000000,0.000000,0.000000,0.000000,0.000000,0.000000,NA,NA,
228,vector0,NA,NA,NA,NA,NA,NA,NA,NA,1.469091,2424,
228,vector1,NA,NA,NA,NA,NA,NA,NA,NA,1.404848,2318,
229,cube0,0.350909,579,0.000000,0.000000,0.000000,0.000000,0.000000,0.000000,NA,NA,
229,vector0,NA,NA,NA,NA,NA,NA,NA,NA,1.741212,2873,
229,vector1,NA,NA,NA,NA,NA,NA,NA,NA,1.666667,2750,
230,cube0,0.329697,544,0.000000,0.000000,0.000000,0.000000,0.000000,0.000000,NA,NA,
230,vector0,NA,NA,NA,NA,NA,NA,NA,NA,1.560000,2574,
230,vector1,NA,NA,NA,NA,NA,NA,NA,NA,1.521212,2510,
231,cube0,0.373333,616,0.000000,0.000000,0.000000,0.000000,0.000000,0.000000,NA,NA,
231,vector0,NA,NA,NA,NA,NA,NA,NA,NA,1.627879,2686,
231,vector1,NA,NA,NA,NA,NA,NA,NA,NA,1.598788,2638,
232,cube0,0.302424,499,0.000000,0.000000,0.000000,0.000000,0.000000,0.000000,NA,NA,
232,vector0,NA,NA,NA,NA,NA,NA,NA,NA,1.532727,2529,
232,vector1,NA,NA,NA,NA,NA,NA,NA,NA,1.761818,2907,
233,cube0,0.309091,510,0.000000,0.000000,0.000000,0.000000,0.000000,0.000000,NA,NA,
233,vector0,NA,NA,NA,NA,NA,NA,NA,NA,1.606061,2650,
233,vector1,NA,NA,NA,NA,NA,NA,NA,NA,1.688485,2786,
234,cube0,0.319394,527,0.000000,0.000000,0.000000,0.000000,0.000000,0.000000,NA,NA,
234,vector0,NA,NA,NA,NA,NA,NA,NA,NA,1.527879,2521,
234,vector1,NA,NA,NA,NA,NA,NA,NA,NA,1.547273,2553,
235,cube0,0.350303,578,0.000000,0.000000,0.000000,0.000000,0.000000,0.000000,NA,NA,
235,vector0,NA,NA,NA,NA,NA,NA,NA,NA,1.636364,2700,
235,vector1,NA,NA,NA,NA,NA,NA,NA,NA,1.564849,2582,
236,cube0,0.340606,562,0.000000,0.000000,0.000000,0.000000,0.000000,0.000000,NA,NA,
236,vector0,NA,NA,NA,NA,NA,NA,NA,NA,1.667879,2752,
236,vector1,NA,NA,NA,NA,NA,NA,NA,NA,1.535151,2533,
237,cube0,0.309091,510,0.000000,0.000000,0.000000,0.000000,0.000000,0.000000,NA,NA,
237,vector0,NA,NA,NA,NA,NA,NA,NA,NA,1.660000,2739,
237,vector1,NA,NA,NA,NA,NA,NA,NA,NA,1.607879,2653,
238,cube0,0.373333,616,0.000000,0.000000,0.000000,0.000000,0.000000,0.000000,NA,NA,
238,vector0,NA,NA,NA,NA,NA,NA,NA,NA,1.548485,2555,
238,vector1,NA,NA,NA,NA,NA,NA,NA,NA,1.589091,2622,
239,cube0,0.353333,583,0.000000,0.000000,0.000000,0.000000,0.000000,0.000000,NA,NA,
239,vector0,NA,NA,NA,NA,NA,NA,NA,NA,1.721212,2840,
239,vector1,NA,NA,NA,NA,NA,NA,NA,NA,1.720000,2838,
240,cube0,0.352727,582,0.000000,0.000000,0.000000,0.000000,0.000000,0.000000,NA,NA,
240,vector0,NA,NA,NA,NA,NA,NA,NA,NA,1.582424,2611,
240,vector1,NA,NA,NA,NA,NA,NA,NA,NA,1.415151,2335,
241,cube0,0.289697,478,0.000000,0.000000,0.000000,0.000000,0.000000,0.000000,NA,NA,
241,vector0,NA,NA,NA,NA,NA,NA,NA,NA,1.615152,2665,
241,vector1,NA,NA,NA,NA,NA,NA,NA,NA,1.507879,2488,
242,cube0,0.356364,588,0.000000,0.000000,0.000000,0.000000,0.000000,0.000000,NA,NA,
242,vector0,NA,NA,NA,NA,NA,NA,NA,NA,1.648485,2720,
242,vector1,NA,NA,NA,NA,NA,NA,NA,NA,1.570909,2592,
243,cube0,0.295758,488,0.000000,0.000000,0.000000,0.000000,0.000000,0.000000,NA,NA,
243,vector0,NA,NA,NA,NA,NA,NA,NA,NA,1.742424,2875,
243,vector1,NA,NA,NA,NA,NA,NA,NA,NA,1.679394,2771,
244,cube0,0.365455,603,0.000000,0.000000,0.000000,0.000000,0.000000,0.000000,NA,NA,
244,vector0,NA,NA,NA,NA,NA,NA,NA,NA,1.789091,2952,
244,vector1,NA,NA,NA,NA,NA,NA,NA,NA,1.838788,3034,
245,cube0,0.323636,534,0.000000,0.000000,0.000000,0.000000,0.000000,0.000000,NA,NA,
245,vector0,NA,NA,NA,NA,NA,NA,NA,NA,1.404242,2317,
245,vector1,NA,NA,NA,NA,NA,NA,NA,NA,1.494545,2466,
246,cube0,0.311515,514,0.000000,0.000000,0.000000,0.000000,0.000000,0.000000,NA,NA,
246,vector0,NA,NA,NA,NA,NA,NA,NA,NA,1.564242,2581,
246,vector1,NA,NA,NA,NA,NA,NA,NA,NA,1.749697,2887,
247,cube0,0.342424,565,0.000000,0.000000,0.000000,0.000000,0.000000,0.000000,NA,NA,
247,vector0,NA,NA,NA,NA,NA,NA,NA,NA,1.638788,2704,
247,vector1,NA,NA,NA,NA,NA,NA,NA,NA,1.483030,2447,
248,cube0,0.315758,521,0.000000,0.000000,0.000000,0.000000,0.000000,0.000000,NA,NA,
248,vector0,NA,NA,NA,NA,NA,NA,NA,NA,1.519394,2507,
248,vector1,NA,NA,NA,NA,NA,NA,NA,NA,1.512727,2496,
249,cube0,0.352121,581,0.000000,0.000000,0.000000,0.000000,0.000000,0.000000,NA,NA,
249,vector0,NA,NA,NA,NA,NA,NA,NA,NA,1.790909,2955,
249,vector1,NA,NA,NA,NA,NA,NA,NA,NA,1.653333,2728,
250,cube0,0.329091,543,0.000000,0.000000,0.000000,0.000000,0.000000,0.000000,NA,NA,
250,vector0,NA,NA,NA,NA,NA,NA,NA,NA,1.548485,2555,
250,vector1,NA,NA,NA,NA,NA,NA,NA,NA,1.429697,2359,
251,cube0,0.373939,617,0.000000,0.000000,0.000000,0.000000,0.000000,0.000000,NA,NA,
251,vector0,NA,NA,NA,NA,NA,NA,NA,NA,1.689697,2788,
251,vector1,NA,NA,NA,NA,NA,NA,NA,NA,1.692727,2793,
252,cube0,0.305455,504,0.000000,0.000000,0.000000,0.000000,0.000000,0.000000,NA,NA,
252,vector0,NA,NA,NA,NA,NA,NA,NA,NA,1.481212,2444,
252,vector1,NA,NA,NA,NA,NA,NA,NA,NA,1.754545,2895,
253,cube0,0.309091,510,0.000000,0.000000,0.000000,0.000000,0.000000,0.000000,NA,NA,
253,vector0,NA,NA,NA,NA,NA,NA,NA,NA,1.523030,2513,
253,vector1,NA,NA,NA,NA,NA,NA,NA,NA,1.562424,2578,
254,cube0,0.321212,530,0.000000,0.000000,0.000000,0.000000,0.000000,0.000000,NA,NA,
254,vector0,NA,NA,NA,NA,NA,NA,NA,NA,1.540606,2542,
254,vector1,NA,NA,NA,NA,NA,NA,NA,NA,1.512121,2495,
255,cube0,0.348485,575,0.000000,0.000000,0.000000,0.000000,0.000000,0.000000,NA,NA,
255,vector0,NA,NA,NA,NA,NA,NA,NA,NA,1.701212,2807,
255,vector1,NA,NA,NA,NA,NA,NA,NA,NA,1.578182,2604,
256,cube0,0.340000,561,0.000000,0.000000,0.000000,0.000000,0.000000,0.000000,NA,NA,
256,vector0,NA,NA,NA,NA,NA,NA,NA,NA,1.693939,2795,
256,vector1,NA,NA,NA,NA,NA,NA,NA,NA,1.545455,2550,
257,cube0,0.305455,504,0.000000,0.000000,0.000000,0.000000,0.000000,0.000000,NA,NA,
257,vector0,NA,NA,NA,NA,NA,NA,NA,NA,1.626667,2684,
257,vector1,NA,NA,NA,NA,NA,NA,NA,NA,1.730909,2856,
258,cube0,0.366061,604,0.000000,0.000000,0.000000,0.000000,0.000000,0.000000,NA,NA,
258,vector0,NA,NA,NA,NA,NA,NA,NA,NA,1.533333,2530,
258,vector1,NA,NA,NA,NA,NA,NA,NA,NA,1.555758,2567,
259,cube0,0.358182,591,0.000000,0.000000,0.000000,0.000000,0.000000,0.000000,NA,NA,
259,vector0,NA,NA,NA,NA,NA,NA,NA,NA,1.743030,2876,
259,vector1,NA,NA,NA,NA,NA,NA,NA,NA,1.727273,2850,
260,cube0,0.375758,620,0.000000,0.000000,0.000000,0.000000,0.000000,0.000000,NA,NA,
260,vector0,NA,NA,NA,NA,NA,NA,NA,NA,1.553939,2564,
260,vector1,NA,NA,NA,NA,NA,NA,NA,NA,1.543636,2547,
261,cube0,0.289697,478,0.000000,0.000000,0.000000,0.000000,0.000000,0.000000,NA,NA,
261,vector0,NA,NA,NA,NA,NA,NA,NA,NA,1.715758,2831,
261,vector1,NA,NA,NA,NA,NA,NA,NA,NA,1.675758,2765,
262,cube0,0.347879,574,0.000000,0.000000,0.000000,0.000000,0.000000,0.000000,NA,NA,
262,vector0,NA,NA,NA,NA,NA,NA,NA,NA,1.441212,2378,
262,vector1,NA,NA,NA,NA,NA,NA,NA,NA,1.942424,3205,
263,cube0,0.290909,480,0.000000,0.000000,0.000000,0.000000,0.000000,0.000000,NA,NA,
263,vector0,NA,NA,NA,NA,NA,NA,NA,NA,1.560606,2575,
263,vector1,NA,NA,NA,NA,NA,NA,NA,NA,1.612121,2660,
264,cube0,0.366667,605,0.000000,0.000000,0.000000,0.000000,0.000000,0.000000,NA,NA,
264,vector0,NA,NA,NA,NA,NA,NA,NA,NA,1.545455,2550,
264,vector1,NA,NA,NA,NA,NA,NA,NA,NA,1.848485,3050,
265,cube0,0.321818,531,0.000000,0.000000,0.000000,0.000000,0.000000,0.000000,NA,NA,
265,vector0,NA,NA,NA,NA,NA,NA,NA,NA,1.643030,2711,
265,vector1,NA,NA,NA,NA,NA,NA,NA,NA,1.544242,2548,
266,cube0,0.310909,513,0.000000,0.000000,0.000000,0.000000,0.000000,0.000000,NA,NA,
266,vector0,NA,NA,NA,NA,NA,NA,NA,NA,1.844242,3043,
266,vector1,NA,NA,NA,NA,NA,NA,NA,NA,1.841212,3038,
267,cube0,0.339394,560,0.000000,0.000000,0.000000,0.000000,0.000000,0.000000,NA,NA,
267,vector0,NA,NA,NA,NA,NA,NA,NA,NA,1.565455,2583,
267,vector1,NA,NA,NA,NA,NA,NA,NA,NA,1.520000,2508,
268,cube0,0.315758,521,0.000000,0.000000,0.000000,0.000000,0.000000,0.000000,NA,NA,
268,vector0,NA,NA,NA,NA,NA,NA,NA,NA,1.371515,2263,
268,vector1,NA,NA,NA,NA,NA,NA,NA,NA,1.507273,2487,
269,cube0,0.352121,581,0.000000,0.000000,0.000000,0.000000,0.000000,0.000000,NA,NA,
269,vector0,NA,NA,NA,NA,NA,NA,NA,NA,1.515758,2501,
269,vector1,NA,NA,NA,NA,NA,NA,NA,NA,1.538788,2539,
270,cube0,0.333333,550,0.000000,0.000000,0.000000,0.000000,0.000000,0.000000,NA,NA,
270,vector0,NA,NA,NA,NA,NA,NA,NA,NA,1.540606,2542,
270,vector1,NA,NA,NA,NA,NA,NA,NA,NA,1.819394,3002,
271,cube0,0.370909,612,0.000000,0.000000,0.000000,0.000000,0.000000,0.000000,NA,NA,
271,vector0,NA,NA,NA,NA,NA,NA,NA,NA,1.732727,2859,
271,vector1,NA,NA,NA,NA,NA,NA,NA,NA,1.566667,2585,
272,cube0,0.307273,507,0.000000,0.000000,0.000000,0.000000,0.000000,0.000000,NA,NA,
272,vector0,NA,NA,NA,NA,NA,NA,NA,NA,1.460000,2409,
272,vector1,NA,NA,NA,NA,NA,NA,NA,NA,1.670909,2757,
273,cube0,0.309091,510,0.000000,0.000000,0.000000,0.000000,0.000000,0.000000,NA,NA,
273,vector0,NA,NA,NA,NA,NA,NA,NA,NA,1.603030,2645,
273,vector1,NA,NA,NA,NA,NA,NA,NA,NA,1.721818,2841,
274,cube0,0.320606,529,0.000000,0.000000,0.000000,0.000000,0.000000,0.000000,NA,NA,
274,vector0,NA,NA,NA,NA,NA,NA,NA,NA,1.557576,2570,
274,vector1,NA,NA,NA,NA,NA,NA,NA,NA,1.517576,2504,
275,cube0,0.355152,586,0.000000,0.000000,0.000000,0.000000,0.000000,0.000000,NA,NA,
275,vector0,NA,NA,NA,NA,NA,NA,NA,NA,1.632121,2693,
275,vector1,NA,NA,NA,NA,NA,NA,NA,NA,1.646061,2716,
276,cube0,0.337576,557,0.000000,0.000000,0.000000,0.000000,0.000000,0.000000,NA,NA,
276,vector0,NA,NA,NA,NA,NA,NA,NA,NA,1.903636,3141,
276,vector1,NA,NA,NA,NA,NA,NA,NA,NA,1.499394,2474,
277,cube0,0.306061,505,0.000000,0.000000,0.000000,0.000000,0.000000,0.000000,NA,NA,
277,vector0,NA,NA,NA,NA,NA,NA,NA,NA,1.528485,2522,
277,vector1,NA,NA,NA,NA,NA,NA,NA,NA,1.506667,2486,
278,cube0,0.359394,593,0.000000,0.000000,0.000000,0.000000,0.000000,0.000000,NA,NA,
278,vector0,NA,NA,NA,NA,NA,NA,NA,NA,1.515758,2501,
278,vector1,NA,NA,NA,NA,NA,NA,NA,NA,1.385455,2286,
279,cube0,0.350303,578,0.000000,0.000000,0.000000,0.000000,0.000000,0.000000,NA,NA,
279,vector0,NA,NA,NA,NA,NA,NA,NA,NA,1.551515,2560,
279,vector1,NA,NA,NA,NA,NA,NA,NA,NA,1.543030,2546,
280,cube0,0.351515,580,0.000000,0.000000,0.000000,0.000000,0.000000,0.000000,NA,NA,
280,vector0,NA,NA,NA,NA,NA,NA,NA,NA,1.543030,2546,
280,vector1,NA,NA,NA,NA,NA,NA,NA,NA,1.584849,2615,
281,cube0,0.292727,483,0.000000,0.000000,0.000000,0.000000,0.000000,0.000000,NA,NA,
281,vector0,NA,NA,NA,NA,NA,NA,NA,NA,1.646061,2716,
281,vector1,NA,NA,NA,NA,NA,NA,NA,NA,1.610909,2658,
282,cube0,0.343636,567,0.000000,0.000000,0.000000,0.000000,0.000000,0.000000,NA,NA,
282,vector0,NA,NA,NA,NA,NA,NA,NA,NA,1.581818,2610,
282,vector1,NA,NA,NA,NA,NA,NA,NA,NA,1.569091,2589,
283,cube0,0.296970,490,0.000000,0.000000,0.000000,0.000000,0.000000,0.000000,NA,NA,
283,vector0,NA,NA,NA,NA,NA,NA,NA,NA,1.829091,3018,
283,vector1,NA,NA,NA,NA,NA,NA,NA,NA,1.666061,2749,
284,cube0,0.368485,608,0.000000,0.000000,0.000000,0.000000,0.000000,0.000000,NA,NA,
284,vector0,NA,NA,NA,NA,NA,NA,NA,NA,1.701212,2807,
284,vector1,NA,NA,NA,NA,NA,NA,NA,NA,1.844242,3043,
285,cube0,0.322424,532,0.000000,0.000000,0.000000,0.000000,0.000000,0.000000,NA,NA,
285,vector0,NA,NA,NA,NA,NA,NA,NA,NA,1.411515,2329,
285,vector1,NA,NA,NA,NA,NA,NA,NA,NA,1.536970,2536,
286,cube0,0.315152,520,0.000000,0.000000,0.000000,0.000000,0.000000,0.000000,NA,NA,
286,vector0,NA,NA,NA,NA,NA,NA,NA,NA,1.928485,3182,
286,vector1,NA,NA,NA,NA,NA,NA,NA,NA,1.855152,3061,
287,cube0,0.338788,559,0.000000,0.000000,0.000000,0.000000,0.000000,0.000000,NA,NA,
287,vector0,NA,NA,NA,NA,NA,NA,NA,NA,1.547879,2554,
287,vector1,NA,NA,NA,NA,NA,NA,NA,NA,1.453939,2399,
288,cube0,0.315152,520,0.000000,0.000000,0.000000,0.000000,0.000000,0.000000,NA,NA,
288,vector0,NA,NA,NA,NA,NA,NA,NA,NA,1.470909,2427,
288,vector1,NA,NA,NA,NA,NA,NA,NA,NA,1.527273,2520,
289,cube0,0.350909,579,0.000000,0.000000,0.000000,0.000000,0.000000,0.000000,NA,NA,
289,vector0,NA,NA,NA,NA,NA,NA,NA,NA,1.632121,2693,
289,vector1,NA,NA,NA,NA,NA,NA,NA,NA,1.665455,2748,
290,cube0,0.328485,542,0.000000,0.000000,0.000000,0.000000,0.000000,0.000000,NA,NA,
290,vector0,NA,NA,NA,NA,NA,NA,NA,NA,1.516970,2503,
290,vector1,NA,NA,NA,NA,NA,NA,NA,NA,1.821212,3005,
291,cube0,0.370909,612,0.000000,0.000000,0.000000,0.000000,0.000000,0.000000,NA,NA,
291,vector0,NA,NA,NA,NA,NA,NA,NA,NA,1.675151,2764,
291,vector1,NA,NA,NA,NA,NA,NA,NA,NA,1.528485,2522,
292,cube0,0.306061,505,0.000000,0.000000,0.000000,0.000000,0.000000,0.000000,NA,NA,
292,vector0,NA,NA,NA,NA,NA,NA,NA,NA,1.422424,2347,
292,vector1,NA,NA,NA,NA,NA,NA,NA,NA,1.748485,2885,
293,cube0,0.309091,510,0.000000,0.000000,0.000000,0.000000,0.000000,0.000000,NA,NA,
293,vector0,NA,NA,NA,NA,NA,NA,NA,NA,1.365455,2253,
293,vector1,NA,NA,NA,NA,NA,NA,NA,NA,1.716364,2832,
294,cube0,0.320606,529,0.000000,0.000000,0.000000,0.000000,0.000000,0.000000,NA,NA,
294,vector0,NA,NA,NA,NA,NA,NA,NA,NA,1.496364,2469,
294,vector1,NA,NA,NA,NA,NA,NA,NA,NA,1.475758,2435,
295,cube0,0.350909,579,0.000000,0.000000,0.000000,0.000000,0.000000,0.000000,NA,NA,
295,vector0,NA,NA,NA,NA,NA,NA,NA,NA,1.657576,2735,
295,vector1,NA,NA,NA,NA,NA,NA,NA,NA,1.510909,2493,
296,cube0,0.341212,563,0.000000,0.000000,0.000000,0.000000,0.000000,0.000000,NA,NA,
296,vector0,NA,NA,NA,NA,NA,NA,NA,NA,1.621212,2675,
296,vector1,NA,NA,NA,NA,NA,NA,NA,NA,1.457576,2405,
297,cube0,0.307879,508,0.000000,0.000000,0.000000,0.000000,0.000000,0.000000,NA,NA,
297,vector0,NA,NA,NA,NA,NA,NA,NA,NA,1.576364,2601,
297,vector1,NA,NA,NA,NA,NA,NA,NA,NA,1.435151,2368,
298,cube0,0.362424,598,0.000000,0.000000,0.000000,0.000000,0.000000,0.000000,NA,NA,
298,vector0,NA,NA,NA,NA,NA,NA,NA,NA,1.443030,2381,
298,vector1,NA,NA,NA,NA,NA,NA,NA,NA,1.413333,2332,
299,cube0,0.354545,585,0.000000,0.000000,0.000000,0.000000,0.000000,0.000000,NA,NA,
299,vector0,NA,NA,NA,NA,NA,NA,NA,NA,1.682424,2776,
299,vector1,NA,NA,NA,NA,NA,NA,NA,NA,1.630303,2690,
300,cube0,0.347879,574,0.000000,0.000000,0.000000,0.000000,0.000000,0.000000,NA,NA,
300,vector0,NA,NA,NA,NA,NA,NA,NA,NA,1.558182,2571,
300,vector1,NA,NA,NA,NA,NA,NA,NA,NA,1.572727,2595,
301,cube0,0.294545,486,0.000000,0.000000,0.000000,0.000000,0.000000,0.000000,NA,NA,
301,vector0,NA,NA,NA,NA,NA,NA,NA,NA,1.533333,2530,
301,vector1,NA,NA,NA,NA,NA,NA,NA,NA,1.612121,2660,
302,cube0,0.347273,573,0.000000,0.000000,0.000000,0.000000,0.000000,0.000000,NA,NA,
302,vector0,NA,NA,NA,NA,NA,NA,NA,NA,1.579394,2606,
302,vector1,NA,NA,NA,NA,NA,NA,NA,NA,1.881818,3105,
303,cube0,0.295152,487,0.000000,0.000000,0.000000,0.000000,0.000000,0.000000,NA,NA,
303,vector0,NA,NA,NA,NA,NA,NA,NA,NA,1.813939,2993,
303,vector1,NA,NA,NA,NA,NA,NA,NA,NA,1.513939,2498,
304,cube0,0.365455,603,0.000000,0.000000,0.000000,0.000000,0.000000,0.000000,NA,NA,
304,vector0,NA,NA,NA,NA,NA,NA,NA,NA,1.787273,2949,
304,vector1,NA,NA,NA,NA,NA,NA,NA,NA,1.909697,3151,
305,cube0,0.321212,530,0.000000,0.000000,0.000000,0.000000,0.000000,0.000000,NA,NA,
305,vector0,NA,NA,NA,NA,NA,NA,NA,NA,1.444242,2383,
305,vector1,NA,NA,NA,NA,NA,NA,NA,NA,1.543636,2547,
306,cube0,0.312727,516,0.000000,0.000000,0.000000,0.000000,0.000000,0.000000,NA,NA,
306,vector0,NA,NA,NA,NA,NA,NA,NA,NA,1.972121,3254,
306,vector1,NA,NA,NA,NA,NA,NA,NA,NA,1.887879,3115,
307,cube0,0.340606,562,0.000000,0.000000,0.000000,0.000000,0.000000,0.000000,NA,NA,
307,vector0,NA,NA,NA,NA,NA,NA,NA,NA,1.585455,2616,
307,vector1,NA,NA,NA,NA,NA,NA,NA,NA,1.500606,2476,
308,cube0,0.315758,521,0.000000,0.000000,0.000000,0.000000,0.000000,0.000000,NA,NA,
308,vector0,NA,NA,NA,NA,NA,NA,NA,NA,1.450303,2393,
308,vector1,NA,NA,NA,NA,NA,NA,NA,NA,1.417576,2339,
309,cube0,0.361212,596,0.000000,0.000000,0.000000,0.000000,0.000000,0.000000,NA,NA,
309,vector0,NA,NA,NA,NA,NA,NA,NA,NA,1.529697,2524,
309,vector1,NA,NA,NA,NA,NA,NA,NA,NA,1.570303,2591,
310,cube0,0.330909,546,0.000000,0.000000,0.000000,0.000000,0.000000,0.000000,NA,NA,
310,vector0,NA,NA,NA,NA,NA,NA,NA,NA,1.494545,2466,
310,vector1,NA,NA,NA,NA,NA,NA,NA,NA,1.519394,2507,
311,cube0,0.372727,615,0.000000,0.000000,0.000000,0.000000,0.000000,0.000000,NA,NA,
311,vector0,NA,NA,NA,NA,NA,NA,NA,NA,1.632727,2694,
311,vector1,NA,NA,NA,NA,NA,NA,NA,NA,1.829091,3018,
312,cube0,0.307273,507,0.000000,0.000000,0.000000,0.000000,0.000000,0.000000,NA,NA,
312,vector0,NA,NA,NA,NA,NA,NA,NA,NA,1.533333,2530,
312,vector1,NA,NA,NA,NA,NA,NA,NA,NA,1.679394,2771,
313,cube0,0.309697,511,0.000000,0.000000,0.000000,0.000000,0.000000,0.000000,NA,NA,
313,vector0,NA,NA,NA,NA,NA,NA,NA,NA,1.543636,2547,
313,vector1,NA,NA,NA,NA,NA,NA,NA,NA,1.595152,2632,
314,cube0,0.318788,526,0.000000,0.000000,0.000000,0.000000,0.000000,0.000000,NA,NA,
314,vector0,NA,NA,NA,NA,NA,NA,NA,NA,1.489697,2458,
314,vector1,NA,NA,NA,NA,NA,NA,NA,NA,1.390909,2295,
315,cube0,0.352727,582,0.000000,0.000000,0.000000,0.000000,0.000000,0.000000,NA,NA,
315,vector0,NA,NA,NA,NA,NA,NA,NA,NA,1.596970,2635,
315,vector1,NA,NA,NA,NA,NA,NA,NA,NA,1.476970,2437,
316,cube0,0.344242,568,0.000000,0.000000,0.000000,0.000000,0.000000,0.000000,NA,NA,
316,vector0,NA,NA,NA,NA,NA,NA,NA,NA,1.536364,2535,
316,vector1,NA,NA,NA,NA,NA,NA,NA,NA,1.517576,2504,
317,cube0,0.306667,506,0.000000,0.000000,0.000000,0.000000,0.000000,0.000000,NA,NA,
317,vector0,NA,NA,NA,NA,NA,NA,NA,NA,1.590909,2625,
317,vector1,NA,NA,NA,NA,NA,NA,NA,NA,1.521212,2510,
318,cube0,0.363636,600,0.000000,0.000000,0.000000,0.000000,0.000000,0.000000,NA,NA,
318,vector0,NA,NA,NA,NA,NA,NA,NA,NA,1.741818,2874,
318,vector1,NA,NA,NA,NA,NA,NA,NA,NA,1.632121,2693,
319,cube0,0.349091,576,0.000000,0.000000,0.000000,0.000000,0.000000,0.000000,NA,NA,
319,vector0,NA,NA,NA,NA,NA,NA,NA,NA,1.852727,3057,
319,vector1,NA,NA,NA,NA,NA,NA,NA,NA,1.773333,2926,
320,cube0,0.350909,579,0.000000,0.000000,0.000000,0.000000,0.000000,0.000000,NA,NA,
320,vector0,NA,NA,NA,NA,NA,NA,NA,NA,1.492727,2463,
320,vector1,NA,NA,NA,NA,NA,NA,NA,NA,1.447879,2389,
321,cube0,0.287879,475,0.000000,0.000000,0.000000,0.000000,0.000000,0.000000,NA,NA,
321,vector0,NA,NA,NA,NA,NA,NA,NA,NA,1.576970,2602,
321,vector1,NA,NA,NA,NA,NA,NA,NA,NA,1.586667,2618,
322,cube0,0.343636,567,0.000000,0.000000,0.000000,0.000000,0.000000,0.000000,NA,NA,
322,vector0,NA,NA,NA,NA,NA,NA,NA,NA,1.583636,2613,
322,vector1,NA,NA,NA,NA,NA,NA,NA,NA,1.595758,2633,
323,cube0,0.291515,481,0.000000,0.000000,0.000000,0.000000,0.000000,0.000000,NA,NA,
323,vector0,NA,NA,NA,NA,NA,NA,NA,NA,1.777576,2933,
323,vector1,NA,NA,NA,NA,NA,NA,NA,NA,1.789697,2953,
324,cube0,0.366061,604,0.000000,0.000000,0.000000,0.000000,0.000000,0.000000,NA,NA,
324,vector0,NA,NA,NA,NA,NA,NA,NA,NA,1.883030,3107,
324,vector1,NA,NA,NA,NA,NA,NA,NA,NA,1.862424,3073,
325,cube0,0.323030,533,0.000000,0.000000,0.000000,0.000000,0.000000,0.000000,NA,NA,
325,vector0,NA,NA,NA,NA,NA,NA,NA,NA,1.545455,2550,
325,vector1,NA,NA,NA,NA,NA,NA,NA,NA,1.520606,2509,
326,cube0,0.312121,515,0.000000,0.000000,0.000000,0.000000,0.000000,0.000000,NA,NA,
326,vector0,NA,NA,NA,NA,NA,NA,NA,NA,1.473333,2431,
326,vector1,NA,NA,NA,NA,NA,NA,NA,NA,1.464242,2416,
327,cube0,0.340000,561,0.000000,0.000000,0.000000,0.000000,0.000000,0.000000,NA,NA,
327,vector0,NA,NA,NA,NA,NA,NA,NA,NA,1.574546,2598,
327,vector1,NA,NA,NA,NA,NA,NA,NA,NA,1.454545,2400,
328,cube0,0.317576,524,0.000000,0.000000,0.000000,0.000000,0.000000,0.000000,NA,NA,
328,vector0,NA,NA,NA,NA,NA,NA,NA,NA,1.580000,2607,
328,vector1,NA,NA,NA,NA,NA,NA,NA,NA,1.564849,2582,
329,cube0,0.351515,580,0.000000,0.000000,0.000000,0.000000,0.000000,0.000000,NA,NA,
329,vector0,NA,NA,NA,NA,NA,NA,NA,NA,1.655151,2731,
329,vector1,NA,NA,NA,NA,NA,NA,NA,NA,1.694546,2796,
330,cube0,0.327879,541,0.000000,0.000000,0.000000,0.000000,0.000000,0.000000,NA,NA,
330,vector0,NA,NA,NA,NA,NA,NA,NA,NA,1.575152,2599,
330,vector1,NA,NA,NA,NA,NA,NA,NA,NA,1.767273,2916,
331,cube0,0.372121,614,0.000000,0.000000,0.000000,0.000000,0.000000,0.000000,NA,NA,
331,vector0,NA,NA,NA,NA,NA,NA,NA,NA,1.747273,2883,
331,vector1,NA,NA,NA,NA,NA,NA,NA,NA,1.467879,2422,
332,cube0,0.307273,507,0.000000,0.000000,0.000000,0.000000,0.000000,0.000000,NA,NA,
332,vector0,NA,NA,NA,NA,NA,NA,NA,NA,1.580606,2608,
332,vector1,NA,NA,NA,NA,NA,NA,NA,NA,1.484848,2450,
333,cube0,0.309091,510,0.000000,0.000000,0.000000,0.000000,0.000000,0.000000,NA,NA,
333,vector0,NA,NA,NA,NA,NA,NA,NA,NA,1.628485,2687,
333,vector1,NA,NA,NA,NA,NA,NA,NA,NA,1.561818,2577,
334,cube0,0.318182,525,0.000000,0.000000,0.000000,0.000000,0.000000,0.000000,NA,NA,
334,vector0,NA,NA,NA,NA,NA,NA,NA,NA,1.477576,2438,
334,vector1,NA,NA,NA,NA,NA,NA,NA,NA,1.539394,2540,
335,cube0,0.348485,575,0.000000,0.000000,0.000000,0.000000,0.000000,0.000000,NA,NA,
335,vector0,NA,NA,NA,NA,NA,NA,NA,NA,1.526061,2518,
335,vector1,NA,NA,NA,NA,NA,NA,NA,NA,1.701212,2807,
336,cube0,0.340606,562,0.000000,0.000000,0.000000,0.000000,0.000000,0.000000,NA,NA,
336,vector0,NA,NA,NA,NA,NA,NA,NA,NA,1.828485,3017,
336,vector1,NA,NA,NA,NA,NA,NA,NA,NA,1.357576,2240,
337,cube0,0.306061,505,0.000000,0.000000,0.000000,0.000000,0.000000,0.000000,NA,NA,
337,vector0,NA,NA,NA,NA,NA,NA,NA,NA,1.804848,2978,
337,vector1,NA,NA,NA,NA,NA,NA,NA,NA,1.319394,2177,
338,cube0,0.363636,600,0.000000,0.000000,0.000000,0.000000,0.000000,0.000000,NA,NA,
338,vector0,NA,NA,NA,NA,NA,NA,NA,NA,1.429091,2358,
338,vector1,NA,NA,NA,NA,NA,NA,NA,NA,1.503030,2480,
339,cube0,0.353939,584,0.000000,0.000000,0.000000,0.000000,0.000000,0.000000,NA,NA,
339,vector0,NA,NA,NA,NA,NA,NA,NA,NA,1.604242,2647,
339,vector1,NA,NA,NA,NA,NA,NA,NA,NA,1.551515,2560,
340,cube0,0.348485,575,0.000000,0.000000,0.000000,0.000000,0.000000,0.000000,NA,NA,
340,vector0,NA,NA,NA,NA,NA,NA,NA,NA,1.538182,2538,
340,vector1,NA,NA,NA,NA,NA,NA,NA,NA,1.536364,2535,
341,cube0,0.290909,480,0.000000,0.000000,0.000000,0.000000,0.000000,0.000000,NA,NA,
341,vector0,NA,NA,NA,NA,NA,NA,NA,NA,1.791515,2956,
341,vector1,NA,NA,NA,NA,NA,NA,NA,NA,1.733333,2860,
342,cube0,0.345455,570,0.000000,0.000000,0.000000,0.000000,0.000000,0.000000,NA,NA,
342,vector0,NA,NA,NA,NA,NA,NA,NA,NA,1.596364,2634,
342,vector1,NA,NA,NA,NA,NA,NA,NA,NA,1.432121,2363,
343,cube0,0.292121,482,0.000000,0.000000,0.000000,0.000000,0.000000,0.000000,NA,NA,
343,vector0,NA,NA,NA,NA,NA,NA,NA,NA,1.703636,2811,
343,vector1,NA,NA,NA,NA,NA,NA,NA,NA,1.588485,2621,
344,cube0,0.364848,602,0.000000,0.000000,0.000000,0.000000,0.000000,0.000000,NA,NA,
344,vector0,NA,NA,NA,NA,NA,NA,NA,NA,1.961818,3237,
344,vector1,NA,NA,NA,NA,NA,NA,NA,NA,1.944242,3208,
345,cube0,0.321818,531,0.000000,0.000000,0.000000,0.000000,0.000000,0.000000,NA,NA,
345,vector0,NA,NA,NA,NA,NA,NA,NA,NA,1.543636,2547,
345,vector1,NA,NA,NA,NA,NA,NA,NA,NA,1.533333,2530,
346,cube0,0.313333,517,0.000000,0.000000,0.000000,0.000000,0.000000,0.000000,NA,NA,
346,vector0,NA,NA,NA,NA,NA,NA,NA,NA,1.400606,2311,
346,vector1,NA,NA,NA,NA,NA,NA,NA,NA,1.529697,2524,
347,cube0,0.343636,567,0.000000,0.000000,0.000000,0.000000,0.000000,0.000000,NA,NA,
347,vector0,NA,NA,NA,NA,NA,NA,NA,NA,1.522424,2512,
347,vector1,NA,NA,NA,NA,NA,NA,NA,NA,1.540606,2542,
348,cube0,0.316364,522,0.000000,0.000000,0.000000,0.000000,0.000000,0.000000,NA,NA,
348,vector0,NA,NA,NA,NA,NA,NA,NA,NA,1.465455,2418,
348,vector1,NA,NA,NA,NA,NA,NA,NA,NA,1.466667,2420,
349,cube0,0.351515,580,0.000000,0.000000,0.000000,0.000000,0.000000,0.000000,NA,NA,
349,vector0,NA,NA,NA,NA,NA,NA,NA,NA,1.649697,2722,
349,vector1,NA,NA,NA,NA,NA,NA,NA,NA,1.556970,2569,
350,cube0,0.329091,543,0.000000,0.000000,0.000000,0.000000,0.000000,0.000000,NA,NA,
350,vector0,NA,NA,NA,NA,NA,NA,NA,NA,1.600606,2641,
350,vector1,NA,NA,NA,NA,NA,NA,NA,NA,1.831515,3022,
351,cube0,0.376970,622,0.000000,0.000000,0.000000,0.000000,0.000000,0.000000,NA,NA,
351,vector0,NA,NA,NA,NA,NA,NA,NA,NA,1.773333,2926,
351,vector1,NA,NA,NA,NA,NA,NA,NA,NA,1.656970,2734,
352,cube0,0.307879,508,0.000000,0.000000,0.000000,0.000000,0.000000,0.000000,NA,NA,
352,vector0,NA,NA,NA,NA,NA,NA,NA,NA,1.805454,2979,
352,vector1,NA,NA,NA,NA,NA,NA,NA,NA,1.472727,2430,
353,cube0,0.310909,513,0.000000,0.000000,0.000000,0.000000,0.000000,0.000000,NA,NA,
353,vector0,NA,NA,NA,NA,NA,NA,NA,NA,1.698788,2803,
353,vector1,NA,NA,NA,NA,NA,NA,NA,NA,1.557576,2570,
354,cube0,0.320000,528,0.000000,0.000000,0.000000,0.000000,0.000000,0.000000,NA,NA,
354,vector0,NA,NA,NA,NA,NA,NA,NA,NA,1.543030,2546,
354,vector1,NA,NA,NA,NA,NA,NA,NA,NA,1.517576,2504,
355,cube0,0.350909,579,0.000000,0.000000,0.000000,0.000000,0.000000,0.000000,NA,NA,
355,vector0,NA,NA,NA,NA,NA,NA,NA,NA,1.653333,2728,
355,vector1,NA,NA,NA,NA,NA,NA,NA,NA,1.561212,2576,
356,cube0,0.341818,564,0.000000,0.000000,0.000000,0.000000,0.000000,0.000000,NA,NA,
356,vector0,NA,NA,NA,NA,NA,NA,NA,NA,1.786061,2947,
356,vector1,NA,NA,NA,NA,NA,NA,NA,NA,1.452121,2396,
357,cube0,0.307879,508,0.000000,0.000000,0.000000,0.000000,0.000000,0.000000,NA,NA,
357,vector0,NA,NA,NA,NA,NA,NA,NA,NA,1.529697,2524,
357,vector1,NA,NA,NA,NA,NA,NA,NA,NA,1.397576,2306,
358,cube0,0.358788,592,0.000000,0.000000,0.000000,0.000000,0.000000,0.000000,NA,NA,
358,vector0,NA,NA,NA,NA,NA,NA,NA,NA,1.444242,2383,
358,vector1,NA,NA,NA,NA,NA,NA,NA,NA,1.398182,2307,
359,cube0,0.355758,587,0.000000,0.000000,0.000000,0.000000,0.000000,0.000000,NA,NA,
359,vector0,NA,NA,NA,NA,NA,NA,NA,NA,1.470303,2426,
359,vector1,NA,NA,NA,NA,NA,NA,NA,NA,1.392727,2298,
360,cube0,0.367879,607,0.000000,0.000000,0.000000,0.000000,0.000000,0.000000,NA,NA,
360,vector0,NA,NA,NA,NA,NA,NA,NA,NA,1.563636,2580,
360,vector1,NA,NA,NA,NA,NA,NA,NA,NA,1.592121,2627,
361,cube0,0.291515,481,0.000000,0.000000,0.000000,0.000000,0.000000,0.000000,NA,NA,
361,vector0,NA,NA,NA,NA,NA,NA,NA,NA,1.720606,2839,
361,vector1,NA,NA,NA,NA,NA,NA,NA,NA,1.700606,2806,
362,cube0,0.344848,569,0.000000,0.000000,0.000000,0.000000,0.000000,0.000000,NA,NA,
362,vector0,NA,NA,NA,NA,NA,NA,NA,NA,1.461212,2411,
362,vector1,NA,NA,NA,NA,NA,NA,NA,NA,1.503030,2480,
363,cube0,0.293333,484,0.000000,0.000000,0.000000,0.000000,0.000000,0.000000,NA,NA,
363,vector0,NA,NA,NA,NA,NA,NA,NA,NA,1.656364,2733,
363,vector1,NA,NA,NA,NA,NA,NA,NA,NA,1.735152,2863,
364,cube0,0.366667,605,0.000000,0.000000,0.000000,0.000000,0.000000,0.000000,NA,NA,
364,vector0,NA,NA,NA,NA,NA,NA,NA,NA,1.508485,2489,
364,vector1,NA,NA,NA,NA,NA,NA,NA,NA,1.834545,3027,
365,cube0,0.320000,528,0.000000,0.000000,0.000000,0.000000,0.000000,0.000000,NA,NA,
365,vector0,NA,NA,NA,NA,NA,NA,NA,NA,1.632121,2693,
365,vector1,NA,NA,NA,NA,NA,NA,NA,NA,1.549091,2556,
366,cube0,0.312727,516,0.000000,0.000000,0.000000,0.000000,0.000000,0.000000,NA,NA,
366,vector0,NA,NA,NA,NA,NA,NA,NA,NA,1.417576,2339,
366,vector1,NA,NA,NA,NA,NA,NA,NA,NA,1.398788,2308,
367,cube0,0.342424,565,0.000000,0.000000,0.000000,0.000000,0.000000,0.000000,NA,NA,
367,vector0,NA,NA,NA,NA,NA,NA,NA,NA,1.524242,2515,
367,vector1,NA,NA,NA,NA,NA,NA,NA,NA,1.558788,2572,
368,cube0,0.315152,520,0.000000,0.000000,0.000000,0.000000,0.000000,0.000000,NA,NA,
368,vector0,NA,NA,NA,NA,NA,NA,NA,NA,1.454545,2400,
368,vector1,NA,NA,NA,NA,NA,NA,NA,NA,1.548485,2555,
369,cube0,0.349697,577,0.000000,0.000000,0.000000,0.000000,0.000000,0.000000,NA,NA,
369,vector0,NA,NA,NA,NA,NA,NA,NA,NA,1.515758,2501,
369,vector1,NA,NA,NA,NA,NA,NA,NA,NA,1.665455,2748,
370,cube0,0.329091,543,0.000000,0.000000,0.000000,0.000000,0.000000,0.000000,NA,NA,
370,vector0,NA,NA,NA,NA,NA,NA,NA,NA,1.522424,2512,
370,vector1,NA,NA,NA,NA,NA,NA,NA,NA,1.912121,3155,
371,cube0,0.373333,616,0.000000,0.000000,0.000000,0.000000,0.000000,0.000000,NA,NA,
371,vector0,NA,NA,NA,NA,NA,NA,NA,NA,1.592121,2627,
371,vector1,NA,NA,NA,NA,NA,NA,NA,NA,1.507273,2487,
372,cube0,0.307273,507,0.000000,0.000000,0.000000,0.000000,0.000000,0.000000,NA,NA,
372,vector0,NA,NA,NA,NA,NA,NA,NA,NA,2.032121,3353,
372,vector1,NA,NA,NA,NA,NA,NA,NA,NA,1.369091,2259,
373,cube0,0.310303,512,0.000000,0.000000,0.000000,0.000000,0.000000,0.000000,NA,NA,
373,vector0,NA,NA,NA,NA,NA,NA,NA,NA,1.526061,2518,
373,vector1,NA,NA,NA,NA,NA,NA,NA,NA,1.569697,2590,
374,cube0,0.320606,529,0.000000,0.000000,0.000000,0.000000,0.000000,0.000000,NA,NA,
374,vector0,NA,NA,NA,NA,NA,NA,NA,NA,1.512121,2495,
374,vector1,NA,NA,NA,NA,NA,NA,NA,NA,1.535758,2534,
375,cube0,0.351515,580,0.000000,0.000000,0.000000,0.000000,0.000000,0.000000,NA,NA,
375,vector0,NA,NA,NA,NA,NA,NA,NA,NA,1.601818,2643,
375,vector1,NA,NA,NA,NA,NA,NA,NA,NA,1.761818,2907,
376,cube0,0.345455,570,0.000000,0.000000,0.000000,0.000000,0.000000,0.000000,NA,NA,
376,vector0,NA,NA,NA,NA,NA,NA,NA,NA,1.755152,2896,
376,vector1,NA,NA,NA,NA,NA,NA,NA,NA,1.465455,2418,
377,cube0,0.305455,504,0.000000,0.000000,0.000000,0.000000,0.000000,0.000000,NA,NA,
377,vector0,NA,NA,NA,NA,NA,NA,NA,NA,1.744242,2878,
377,vector1,NA,NA,NA,NA,NA,NA,NA,NA,1.594545,2631,
378,cube0,0.361212,596,0.000000,0.000000,0.000000,0.000000,0.000000,0.000000,NA,NA,
378,vector0,NA,NA,NA,NA,NA,NA,NA,NA,1.532121,2528,
378,vector1,NA,NA,NA,NA,NA,NA,NA,NA,1.452727,2397,
379,cube0,0.351515,580,0.000000,0.000000,0.000000,0.000000,0.000000,0.000000,NA,NA,
379,vector0,NA,NA,NA,NA,NA,NA,NA,NA,1.660000,2739,
379,vector1,NA,NA,NA,NA,NA,NA,NA,NA,1.481818,2445,
380,cube0,0.348485,575,0.000000,0.000000,0.000000,0.000000,0.000000,0.000000,NA,NA,
380,vector0,NA,NA,NA,NA,NA,NA,NA,NA,1.557576,2570,
380,vector1,NA,NA,NA,NA,NA,NA,NA,NA,1.538788,2539,
381,cube0,0.289697,478,0.000000,0.000000,0.000000,0.000000,0.000000,0.000000,NA,NA,
381,vector0,NA,NA,NA,NA,NA,NA,NA,NA,1.727879,2851,
381,vector1,NA,NA,NA,NA,NA,NA,NA,NA,1.634545,2697,
382,cube0,0.344848,569,0.000000,0.000000,0.000000,0.000000,0.000000,0.000000,NA,NA,
382,vector0,NA,NA,NA,NA,NA,NA,NA,NA,1.666667,2750,
382,vector1,NA,NA,NA,NA,NA,NA,NA,NA,1.590303,2624,
383,cube0,0.292121,482,0.000000,0.000000,0.000000,0.000000,0.000000,0.000000,NA,NA,
383,vector0,NA,NA,NA,NA,NA,NA,NA,NA,1.725455,2847,
383,vector1,NA,NA,NA,NA,NA,NA,NA,NA,1.827273,3015,
384,cube0,0.367273,606,0.000000,0.000000,0.000000,0.000000,0.000000,0.000000,NA,NA,
384,vector0,NA,NA,NA,NA,NA,NA,NA,NA,1.890303,3119,
384,vector1,NA,NA,NA,NA,NA,NA,NA,NA,1.838182,3033,
385,cube0,0.321212,530,0.000000,0.000000,0.000000,0.000000,0.000000,0.000000,NA,NA,
385,vector0,NA,NA,NA,NA,NA,NA,NA,NA,1.498182,2472,
385,vector1,NA,NA,NA,NA,NA,NA,NA,NA,1.423636,2349,
386,cube0,0.312727,516,0.000000,0.000000,0.000000,0.000000,0.000000,0.000000,NA,NA,
386,vector0,NA,NA,NA,NA,NA,NA,NA,NA,1.649091,2721,
386,vector1,NA,NA,NA,NA,NA,NA,NA,NA,1.607879,2653,
387,cube0,0.340606,562,0.000000,0.000000,0.000000,0.000000,0.000000,0.000000,NA,NA,
387,vector0,NA,NA,NA,NA,NA,NA,NA,NA,1.603030,2645,
387,vector1,NA,NA,NA,NA,NA,NA,NA,NA,1.561818,2577,
388,cube0,0.316364,522,0.000000,0.000000,0.000000,0.000000,0.000000,0.000000,NA,NA,
388,vector0,NA,NA,NA,NA,NA,NA,NA,NA,1.533333,2530,
388,vector1,NA,NA,NA,NA,NA,NA,NA,NA,1.401818,2313,
389,cube0,0.350909,579,0.000000,0.000000,0.000000,0.000000,0.000000,0.000000,NA,NA,
389,vector0,NA,NA,NA,NA,NA,NA,NA,NA,1.578788,2605,
389,vector1,NA,NA,NA,NA,NA,NA,NA,NA,1.530909,2526,
390,cube0,0.329091,543,0.000000,0.000000,0.000000,0.000000,0.000000,0.000000,NA,NA,
390,vector0,NA,NA,NA,NA,NA,NA,NA,NA,1.413333,2332,
390,vector1,NA,NA,NA,NA,NA,NA,NA,NA,1.830303,3020,
391,cube0,0.375152,619,0.000000,0.000000,0.000000,0.000000,0.000000,0.000000,NA,NA,
391,vector0,NA,NA,NA,NA,NA,NA,NA,NA,1.466667,2420,
391,vector1,NA,NA,NA,NA,NA,NA,NA,NA,1.501818,2478,
392,cube0,0.303636,501,0.000000,0.000000,0.000000,0.000000,0.000000,0.000000,NA,NA,
392,vector0,NA,NA,NA,NA,NA,NA,NA,NA,1.513333,2497,
392,vector1,NA,NA,NA,NA,NA,NA,NA,NA,1.776364,2931,
393,cube0,0.306667,506,0.000000,0.000000,0.000000,0.000000,0.000000,0.000000,NA,NA,
393,vector0,NA,NA,NA,NA,NA,NA,NA,NA,1.610303,2657,
393,vector1,NA,NA,NA,NA,NA,NA,NA,NA,1.810909,2988,
394,cube0,0.319394,527,0.000000,0.000000,0.000000,0.000000,0.000000,0.000000,NA,NA,
394,vector0,NA,NA,NA,NA,NA,NA,NA,NA,1.510909,2493,
394,vector1,NA,NA,NA,NA,NA,NA,NA,NA,1.463636,2415,
395,cube0,0.350909,579,0.000000,0.000000,0.000000,0.000000,0.000000,0.000000,NA,NA,
395,vector0,NA,NA,NA,NA,NA,NA,NA,NA,1.530303,2525,
395,vector1,NA,NA,NA,NA,NA,NA,NA,NA,1.591515,2626,
396,cube0,0.342424,565,0.000000,0.000000,0.000000,0.000000,0.000000,0.000000,NA,NA,
396,vector0,NA,NA,NA,NA,NA,NA,NA,NA,1.550303,2558,
396,vector1,NA,NA,NA,NA,NA,NA,NA,NA,1.651515,2725,
397,cube0,0.306667,506,0.000000,0.000000,0.000000,0.000000,0.000000,0.000000,NA,NA,
397,vector0,NA,NA,NA,NA,NA,NA,NA,NA,1.630909,2691,
397,vector1,NA,NA,NA,NA,NA,NA,NA,NA,1.742424,2875,
398,cube0,0.364242,601,0.000000,0.000000,0.000000,0.000000,0.000000,0.000000,NA,NA,
398,vector0,NA,NA,NA,NA,NA,NA,NA,NA,1.524848,2516,
398,vector1,NA,NA,NA,NA,NA,NA,NA,NA,1.399394,2309,
399,cube0,0.352121,581,0.000000,0.000000,0.000000,0.000000,0.000000,0.000000,NA,NA,
399,vector0,NA,NA,NA,NA,NA,NA,NA,NA,1.563636,2580,
399,vector1,NA,NA,NA,NA,NA,NA,NA,NA,1.473333,2431,
400,cube0,0.350909,579,0.000000,0.000000,0.000000,0.000000,0.000000,0.000000,NA,NA,
400,vector0,NA,NA,NA,NA,NA,NA,NA,NA,1.460606,2410,
400,vector1,NA,NA,NA,NA,NA,NA,NA,NA,1.534545,2532,
401,cube0,0.286061,472,0.000000,0.000000,0.000000,0.000000,0.000000,0.000000,NA,NA,
401,vector0,NA,NA,NA,NA,NA,NA,NA,NA,1.624242,2680,
401,vector1,NA,NA,NA,NA,NA,NA,NA,NA,1.682424,2776,
402,cube0,0.346667,572,0.000000,0.000000,0.000000,0.000000,0.000000,0.000000,NA,NA,
402,vector0,NA,NA,NA,NA,NA,NA,NA,NA,1.481818,2445,
402,vector1,NA,NA,NA,NA,NA,NA,NA,NA,1.844242,3043,
403,cube0,0.293939,485,0.000000,0.000000,0.000000,0.000000,0.000000,0.000000,NA,NA,
403,vector0,NA,NA,NA,NA,NA,NA,NA,NA,1.524242,2515,
403,vector1,NA,NA,NA,NA,NA,NA,NA,NA,1.527273,2520,
404,cube0,0.364848,602,0.000000,0.000000,0.000000,0.000000,0.000000,0.000000,NA,NA,
404,vector0,NA,NA,NA,NA,NA,NA,NA,NA,1.483636,2448,
404,vector1,NA,NA,NA,NA,NA,NA,NA,NA,1.760000,2904,
405,cube0,0.320000,528,0.000000,0.000000,0.000000,0.000000,0.000000,0.000000,NA,NA,
405,vector0,NA,NA,NA,NA,NA,NA,NA,NA,1.612121,2660,
405,vector1,NA,NA,NA,NA,NA,NA,NA,NA,1.483030,2447,
406,cube0,0.310303,512,0.000000,0.000000,0.000000,0.000000,0.000000,0.000000,NA,NA,
406,vector0,NA,NA,NA,NA,NA,NA,NA,NA,1.530909,2526,
406,vector1,NA,NA,NA,NA,NA,NA,NA,NA,1.509697,2491,
407,cube0,0.339394,560,0.000000,0.000000,0.000000,0.000000,0.000000,0.000000,NA,NA,
407,vector0,NA,NA,NA,NA,NA,NA,NA,NA,1.765455,2913,
407,vector1,NA,NA,NA,NA,NA,NA,NA,NA,1.580000,2607,
408,cube0,0.318182,525,0.000000,0.000000,0.000000,0.000000,0.000000,0.000000,NA,NA,
408,vector0,NA,NA,NA,NA,NA,NA,NA,NA,1.691515,2791,
408,vector1,NA,NA,NA,NA,NA,NA,NA,NA,1.521818,2511,
409,cube0,0.349697,577,0.000000,0.000000,0.000000,0.000000,0.000000,0.000000,NA,NA,
409,vector0,NA,NA,NA,NA,NA,NA,NA,NA,1.592727,2628,
409,vector1,NA,NA,NA,NA,NA,NA,NA,NA,1.566667,2585,
410,cube0,0.327879,541,0.000000,0.000000,0.000000,0.000000,0.000000,0.000000,NA,NA,
410,vector0,NA,NA,NA,NA,NA,NA,NA,NA,1.381818,2280,
410,vector1,NA,NA,NA,NA,NA,NA,NA,NA,1.822424,3007,
411,cube0,0.370909,612,0.000000,0.000000,0.000000,0.000000,0.000000,0.000000,NA,NA,
411,vector0,NA,NA,NA,NA,NA,NA,NA,NA,1.578182,2604,
411,vector1,NA,NA,NA,NA,NA,NA,NA,NA,1.493333,2464,
412,cube0,0.304242,502,0.000000,0.000000,0.000000,0.000000,0.000000,0.000000,NA,NA,
412,vector0,NA,NA,NA,NA,NA,NA,NA,NA,1.399394,2309,
412,vector1,NA,NA,NA,NA,NA,NA,NA,NA,1.523636,2514,
413,cube0,0.308485,509,0.000000,0.000000,0.000000,0.000000,0.000000,0.000000,NA,NA,
413,vector0,NA,NA,NA,NA,NA,NA,NA,NA,1.602424,2644,
413,vector1,NA,NA,NA,NA,NA,NA,NA,NA,1.590909,2625,
414,cube0,0.320606,529,0.000000,0.000000,0.000000,0.000000,0.000000,0.000000,NA,NA,
414,vector0,NA,NA,NA,NA,NA,NA,NA,NA,1.504848,2483,
414,vector1,NA,NA,NA,NA,NA,NA,NA,NA,1.583636,2613,
415,cube0,0.351515,580,0.000000,0.000000,0.000000,0.000000,0.000000,0.000000,NA,NA,
415,vector0,NA,NA,NA,NA,NA,NA,NA,NA,1.480606,2443,
415,vector1,NA,NA,NA,NA,NA,NA,NA,NA,1.682424,2776,
416,cube0,0.338788,559,0.000000,0.000000,0.000000,0.000000,0.000000,0.000000,NA,NA,
416,vector0,NA,NA,NA,NA,NA,NA,NA,NA,1.526061,2518,
416,vector1,NA,NA,NA,NA,NA,NA,NA,NA,1.743636,2877,
417,cube0,0.305455,504,0.000000,0.000000,0.000000,0.000000,0.000000,0.000000,NA,NA,
417,vector0,NA,NA,NA,NA,NA,NA,NA,NA,1.466061,2419,
417,vector1,NA,NA,NA,NA,NA,NA,NA,NA,1.688485,2786,
418,cube0,0.358788,592,0.000000,0.000000,0.000000,0.000000,0.000000,0.000000,NA,NA,
418,vector0,NA,NA,NA,NA,NA,NA,NA,NA,1.404242,2317,
418,vector1,NA,NA,NA,NA,NA,NA,NA,NA,1.494545,2466,
419,cube0,0.363636,600,0.000000,0.000000,0.000000,0.000000,0.000000,0.000000,NA,NA,
419,vector0,NA,NA,NA,NA,NA,NA,NA,NA,1.558788,2572,
419,vector1,NA,NA,NA,NA,NA,NA,NA,NA,1.592121,2627,
420,cube0,0.349697,577,0.000000,0.000000,0.000000,0.000000,0.000000,0.000000,NA,NA,
420,vector0,NA,NA,NA,NA,NA,NA,NA,NA,1.384848,2285,
420,vector1,NA,NA,NA,NA,NA,NA,NA,NA,1.542424,2545,
421,cube0,0.290909,480,0.000000,0.000000,0.000000,0.000000,0.000000,0.000000,NA,NA,
421,vector0,NA,NA,NA,NA,NA,NA,NA,NA,1.580000,2607,
421,vector1,NA,NA,NA,NA,NA,NA,NA,NA,1.650303,2723,
422,cube0,0.345455,570,0.000000,0.000000,0.000000,0.000000,0.000000,0.000000,NA,NA,
422,vector0,NA,NA,NA,NA,NA,NA,NA,NA,1.575152,2599,
422,vector1,NA,NA,NA,NA,NA,NA,NA,NA,1.933939,3191,
423,cube0,0.291515,481,0.000000,0.000000,0.000000,0.000000,0.000000,0.000000,NA,NA,
423,vector0,NA,NA,NA,NA,NA,NA,NA,NA,1.803030,2975,
423,vector1,NA,NA,NA,NA,NA,NA,NA,NA,1.615152,2665,
424,cube0,0.367273,606,0.000000,0.000000,0.000000,0.000000,0.000000,0.000000,NA,NA,
424,vector0,NA,NA,NA,NA,NA,NA,NA,NA,1.664848,2747,
424,vector1,NA,NA,NA,NA,NA,NA,NA,NA,1.706667,2816,
425,cube0,0.321212,530,0.000000,0.000000,0.000000,0.000000,0.000000,0.000000,NA,NA,
425,vector0,NA,NA,NA,NA,NA,NA,NA,NA,1.683030,2777,
425,vector1,NA,NA,NA,NA,NA,NA,NA,NA,1.384242,2284,
426,cube0,0.311515,514,0.000000,0.000000,0.000000,0.000000,0.000000,0.000000,NA,NA,
426,vector0,NA,NA,NA,NA,NA,NA,NA,NA,1.522424,2512,
426,vector1,NA,NA,NA,NA,NA,NA,NA,NA,1.476970,2437,
427,cube0,0.339394,560,0.000000,0.000000,0.000000,0.000000,0.000000,0.000000,NA,NA,
427,vector0,NA,NA,NA,NA,NA,NA,NA,NA,1.678182,2769,
427,vector1,NA,NA,NA,NA,NA,NA,NA,NA,1.635758,2699,
428,cube0,0.315758,521,0.000000,0.000000,0.000000,0.000000,0.000000,0.000000,NA,NA,
428,vector0,NA,NA,NA,NA,NA,NA,NA,NA,1.487273,2454,
428,vector1,NA,NA,NA,NA,NA,NA,NA,NA,1.549091,2556,
429,cube0,0.353333,583,0.000000,0.000000,0.000000,0.000000,0.000000,0.000000,NA,NA,
429,vector0,NA,NA,NA,NA,NA,NA,NA,NA,1.701818,2808,
429,vector1,NA,NA,NA,NA,NA,NA,NA,NA,1.662424,2743,
430,cube0,0.331515,547,0.000000,0.000000,0.000000,0.000000,0.000000,0.000000,NA,NA,
430,vector0,NA,NA,NA,NA,NA,NA,NA,NA,1.537576,2537,
430,vector1,NA,NA,NA,NA,NA,NA,NA,NA,1.906667,3146,
431,cube0,0.372727,615,0.000000,0.000000,0.000000,0.000000,0.000000,0.000000,NA,NA,
431,vector0,NA,NA,NA,NA,NA,NA,NA,NA,1.526061,2518,
431,vector1,NA,NA,NA,NA,NA,NA,NA,NA,1.518788,2506,
432,cube0,0.307879,508,0.000000,0.000000,0.000000,0.000000,0.000000,0.000000,NA,NA,
432,vector0,NA,NA,NA,NA,NA,NA,NA,NA,1.493333,2464,
432,vector1,NA,NA,NA,NA,NA,NA,NA,NA,1.790909,2955,
433,cube0,0.308485,509,0.000000,0.000000,0.000000,0.000000,0.000000,0.000000,NA,NA,
433,vector0,NA,NA,NA,NA,NA,NA,NA,NA,1.635152,2698,
433,vector1,NA,NA,NA,NA,NA,NA,NA,NA,1.707879,2818,
434,cube0,0.323636,534,0.000000,0.000000,0.000000,0.000000,0.000000,0.000000,NA,NA,
434,vector0,NA,NA,NA,NA,NA,NA,NA,NA,1.530909,2526,
434,vector1,NA,NA,NA,NA,NA,NA,NA,NA,1.589091,2622,
435,cube0,0.349697,577,0.000000,0.000000,0.000000,0.000000,0.000000,0.000000,NA,NA,
435,vector0,NA,NA,NA,NA,NA,NA,NA,NA,1.586667,2618,
435,vector1,NA,NA,NA,NA,NA,NA,NA,NA,1.694546,2796,
436,cube0,0.340000,561,0.000000,0.000000,0.000000,0.000000,0.000000,0.000000,NA,NA,
436,vector0,NA,NA,NA,NA,NA,NA,NA,NA,1.407273,2322,
436,vector1,NA,NA,NA,NA,NA,NA,NA,NA,1.452121,2396,
437,cube0,0.323030,533,0.000000,0.000000,0.000000,0.000000,0.000000,0.000000,NA,NA,
437,vector0,NA,NA,NA,NA,NA,NA,NA,NA,1.555151,2566,
437,vector1,NA,NA,NA,NA,NA,NA,NA,NA,1.495758,2468,
438,cube0,0.364242,601,0.000000,0.000000,0.000000,0.000000,0.000000,0.000000,NA,NA,
438,vector0,NA,NA,NA,NA,NA,NA,NA,NA,1.832727,3024,
438,vector1,NA,NA,NA,NA,NA,NA,NA,NA,1.447273,2388,
439,cube0,0.350909,579,0.000000,0.000000,0.000000,0.000000,0.000000,0.000000,NA,NA,
439,vector0,NA,NA,NA,NA,NA,NA,NA,NA,1.516970,2503,
439,vector1,NA,NA,NA,NA,NA,NA,NA,NA,1.489697,2458,
440,cube0,0.348485,575,0.000000,0.000000,0.000000,0.000000,0.000000,0.000000,NA,NA,
440,vector0,NA,NA,NA,NA,NA,NA,NA,NA,1.437576,2372,
440,vector1,NA,NA,NA,NA,NA,NA,NA,NA,1.547273,2553,
441,cube0,0.295152,487,0.000000,0.000000,0.000000,0.000000,0.000000,0.000000,NA,NA,
441,vector0,NA,NA,NA,NA,NA,NA,NA,NA,1.638182,2703,
441,vector1,NA,NA,NA,NA,NA,NA,NA,NA,1.729091,2853,
442,cube0,0.346061,571,0.000000,0.000000,0.000000,0.000000,0.000000,0.000000,NA,NA,
442,vector0,NA,NA,NA,NA,NA,NA,NA,NA,1.538788,2539,
442,vector1,NA,NA,NA,NA,NA,NA,NA,NA,1.362424,2248,
443,cube0,0.294545,486,0.000000,0.000000,0.000000,0.000000,0.000000,0.000000,NA,NA,
443,vector0,NA,NA,NA,NA,NA,NA,NA,NA,1.671515,2758,
443,vector1,NA,NA,NA,NA,NA,NA,NA,NA,1.428485,2357,
444,cube0,0.368485,608,0.000000,0.000000,0.000000,0.000000,0.000000,0.000000,NA,NA,
444,vector0,NA,NA,NA,NA,NA,NA,NA,NA,1.520606,2509,
444,vector1,NA,NA,NA,NA,NA,NA,NA,NA,1.761818,2907,
445,cube0,0.323030,533,0.000000,0.000000,0.000000,0.000000,0.000000,0.000000,NA,NA,
445,vector0,NA,NA,NA,NA,NA,NA,NA,NA,1.656970,2734,
445,vector1,NA,NA,NA,NA,NA,NA,NA,NA,1.520606,2509,
446,cube0,0.310909,513,0.000000,0.000000,0.000000,0.000000,0.000000,0.000000,NA,NA,
446,vector0,NA,NA,NA,NA,NA,NA,NA,NA,1.443636,2382,
446,vector1,NA,NA,NA,NA,NA,NA,NA,NA,1.418788,2341,
447,cube0,0.342424,565,0.000000,0.000000,0.000000,0.000000,0.000000,0.000000,NA,NA,
447,vector0,NA,NA,NA,NA,NA,NA,NA,NA,1.548485,2555,
447,vector1,NA,NA,NA,NA,NA,NA,NA,NA,1.588485,2621,
448,cube0,0.315152,520,0.000000,0.000000,0.000000,0.000000,0.000000,0.000000,NA,NA,
448,vector0,NA,NA,NA,NA,NA,NA,NA,NA,1.356364,2238,
448,vector1,NA,NA,NA,NA,NA,NA,NA,NA,1.559394,2573,
449,cube0,0.347879,574,0.000000,0.000000,0.000000,0.000000,0.000000,0.000000,NA,NA,
449,vector0,NA,NA,NA,NA,NA,NA,NA,NA,1.334545,2202,
449,vector1,NA,NA,NA,NA,NA,NA,NA,NA,1.676364,2766,
450,cube0,0.332121,548,0.000000,0.000000,0.000000,0.000000,0.000000,0.000000,NA,NA,
450,vector0,NA,NA,NA,NA,NA,NA,NA,NA,1.518182,2505,
450,vector1,NA,NA,NA,NA,NA,NA,NA,NA,1.373333,2266,
451,cube0,0.375152,619,0.000000,0.000000,0.000000,0.000000,0.000000,0.000000,NA,NA,
451,vector0,NA,NA,NA,NA,NA,NA,NA,NA,1.672727,2760,
451,vector1,NA,NA,NA,NA,NA,NA,NA,NA,1.507879,2488,
452,cube0,0.306061,505,0.000000,0.000000,0.000000,0.000000,0.000000,0.000000,NA,NA,
452,vector0,NA,NA,NA,NA,NA,NA,NA,NA,1.576970,2602,
452,vector1,NA,NA,NA,NA,NA,NA,NA,NA,1.544848,2549,
453,cube0,0.313939,518,0.000000,0.000000,0.000000,0.000000,0.000000,0.000000,NA,NA,
453,vector0,NA,NA,NA,NA,NA,NA,NA,NA,1.628485,2687,
453,vector1,NA,NA,NA,NA,NA,NA,NA,NA,1.644848,2714,
454,cube0,0.320606,529,0.000000,0.000000,0.000000,0.000000,0.000000,0.000000,NA,NA,
454,vector0,NA,NA,NA,NA,NA,NA,NA,NA,1.422424,2347,
454,vector1,NA,NA,NA,NA,NA,NA,NA,NA,1.790909,2955,
455,cube0,0.350303,578,0.000000,0.000000,0.000000,0.000000,0.000000,0.000000,NA,NA,
455,vector0,NA,NA,NA,NA,NA,NA,NA,NA,1.767273,2916,
455,vector1,NA,NA,NA,NA,NA,NA,NA,NA,1.498182,2472,
456,cube0,0.343636,567,0.000000,0.000000,0.000000,0.000000,0.000000,0.000000,NA,NA,
456,vector0,NA,NA,NA,NA,NA,NA,NA,NA,1.489091,2457,
456,vector1,NA,NA,NA,NA,NA,NA,NA,NA,1.558182,2571,
457,cube0,0.304848,503,0.000000,0.000000,0.000000,0.000000,0.000000,0.000000,NA,NA,
457,vector0,NA,NA,NA,NA,NA,NA,NA,NA,1.648485,2720,
457,vector1,NA,NA,NA,NA,NA,NA,NA,NA,1.755152,2896,
458,cube0,0.364848,602,0.000000,0.000000,0.000000,0.000000,0.000000,0.000000,NA,NA,
458,vector0,NA,NA,NA,NA,NA,NA,NA,NA,1.509091,2490,
458,vector1,NA,NA,NA,NA,NA,NA,NA,NA,1.510909,2493,
459,cube0,0.350909,579,0.000000,0.000000,0.000000,0.000000,0.000000,0.000000,NA,NA,
459,vector0,NA,NA,NA,NA,NA,NA,NA,NA,1.596970,2635,
459,vector1,NA,NA,NA,NA,NA,NA,NA,NA,1.666667,2750,
460,cube0,0.346061,571,0.000000,0.000000,0.000000,0.000000,0.000000,0.000000,NA,NA,
460,vector0,NA,NA,NA,NA,NA,NA,NA,NA,1.501818,2478,
460,vector1,NA,NA,NA,NA,NA,NA,NA,NA,1.581212,2609,
461,cube0,0.292121,482,0.000000,0.000000,0.000000,0.000000,0.000000,0.000000,NA,NA,
461,vector0,NA,NA,NA,NA,NA,NA,NA,NA,1.571515,2593,
461,vector1,NA,NA,NA,NA,NA,NA,NA,NA,1.753939,2894,
462,cube0,0.347879,574,0.000000,0.000000,0.000000,0.000000,0.000000,0.000000,NA,NA,
462,vector0,NA,NA,NA,NA,NA,NA,NA,NA,1.593939,2630,
462,vector1,NA,NA,NA,NA,NA,NA,NA,NA,1.530909,2526,
463,cube0,0.292727,483,0.000000,0.000000,0.000000,0.000000,0.000000,0.000000,NA,NA,
463,vector0,NA,NA,NA,NA,NA,NA,NA,NA,1.798182,2967,
463,vector1,NA,NA,NA,NA,NA,NA,NA,NA,1.631515,2692,
464,cube0,0.365455,603,0.000000,0.000000,0.000000,0.000000,0.000000,0.000000,NA,NA,
464,vector0,NA,NA,NA,NA,NA,NA,NA,NA,1.895758,3128,
464,vector1,NA,NA,NA,NA,NA,NA,NA,NA,1.486667,2453,
465,cube0,0.321818,531,0.000000,0.000000,0.000000,0.000000,0.000000,0.000000,NA,NA,
465,vector0,NA,NA,NA,NA,NA,NA,NA,NA,1.701212,2807,
465,vector1,NA,NA,NA,NA,NA,NA,NA,NA,1.680606,2773,
466,cube0,0.315758,521,0.000000,0.000000,0.000000,0.000000,0.000000,0.000000,NA,NA,
466,vector0,NA,NA,NA,NA,NA,NA,NA,NA,1.396364,2304,
466,vector1,NA,NA,NA,NA,NA,NA,NA,NA,1.516970,2503,
467,cube0,0.340606,562,0.000000,0.000000,0.000000,0.000000,0.000000,0.000000,NA,NA,
467,vector0,NA,NA,NA,NA,NA,NA,NA,NA,1.452727,2397,
467,vector1,NA,NA,NA,NA,NA,NA,NA,NA,1.779394,2936,
468,cube0,0.318182,525,0.000000,0.000000,0.000000,0.000000,0.000000,0.000000,NA,NA,
468,vector0,NA,NA,NA,NA,NA,NA,NA,NA,1.538788,2539,
468,vector1,NA,NA,NA,NA,NA,NA,NA,NA,1.455152,2401,
469,cube0,0.353333,583,0.000000,0.000000,0.000000,0.000000,0.000000,0.000000,NA,NA,
469,vector0,NA,NA,NA,NA,NA,NA,NA,NA,1.676364,2766,
469,vector1,NA,NA,NA,NA,NA,NA,NA,NA,1.590909,2625,
470,cube0,0.329697,544,0.000000,0.000000,0.000000,0.000000,0.000000,0.000000,NA,NA,
470,vector0,NA,NA,NA,NA,NA,NA,NA,NA,1.524848,2516,
470,vector1,NA,NA,NA,NA,NA,NA,NA,NA,1.533333,2530,
471,cube0,0.372121,614,0.000000,0.000000,0.000000,0.000000,0.000000,0.000000,NA,NA,
471,vector0,NA,NA,NA,NA,NA,NA,NA,NA,1.599394,2639,
471,vector1,NA,NA,NA,NA,NA,NA,NA,NA,1.582424,2611,
472,cube0,0.305455,504,0.000000,0.000000,0.000000,0.000000,0.000000,0.000000,NA,NA,
472,vector0,NA,NA,NA,NA,NA,NA,NA,NA,1.841818,3039,
472,vector1,NA,NA,NA,NA,NA,NA,NA,NA,1.399394,2309,
473,cube0,0.312121,515,0.000000,0.000000,0.000000,0.000000,0.000000,0.000000,NA,NA,
473,vector0,NA,NA,NA,NA,NA,NA,NA,NA,1.775758,2930,
473,vector1,NA,NA,NA,NA,NA,NA,NA,NA,1.395151,2302,
474,cube0,0.319394,527,0.000000,0.000000,0.000000,0.000000,0.000000,0.000000,NA,NA,
474,vector0,NA,NA,NA,NA,NA,NA,NA,NA,1.552121,2561,
474,vector1,NA,NA,NA,NA,NA,NA,NA,NA,1.525455,2517,
475,cube0,0.351515,580,0.000000,0.000000,0.000000,0.000000,0.000000,0.000000,NA,NA,
475,vector0,NA,NA,NA,NA,NA,NA,NA,NA,1.761818,2907,
475,vector1,NA,NA,NA,NA,NA,NA,NA,NA,1.609697,2656,
476,cube0,0.347273,573,0.000000,0.000000,0.000000,0.000000,0.000000,0.000000,NA,NA,
476,vector0,NA,NA,NA,NA,NA,NA,NA,NA,1.541212,2543,
476,vector1,NA,NA,NA,NA,NA,NA,NA,NA,1.472121,2429,
477,cube0,0.307273,507,0.000000,0.000000,0.000000,0.000000,0.000000,0.000000,NA,NA,
477,vector0,NA,NA,NA,NA,NA,NA,NA,NA,1.726061,2848,
477,vector1,NA,NA,NA,NA,NA,NA,NA,NA,1.487273,2454,
478,cube0,0.365455,603,0.000000,0.000000,0.000000,0.000000,0.000000,0.000000,NA,NA,
478,vector0,NA,NA,NA,NA,NA,NA,NA,NA,1.606061,2650,
478,vector1,NA,NA,NA,NA,NA,NA,NA,NA,1.806061,2980,
479,cube0,0.350303,578,0.000000,0.000000,0.000000,0.000000,0.000000,0.000000,NA,NA,
479,vector0,NA,NA,NA,NA,NA,NA,NA,NA,1.613939,2663,
479,vector1,NA,NA,NA,NA,NA,NA,NA,NA,1.666667,2750,
480,cube0,0.350303,578,0.000000,0.000000,0.000000,0.000000,0.000000,0.000000,NA,NA,
480,vector0,NA,NA,NA,NA,NA,NA,NA,NA,1.488485,2456,
480,vector1,NA,NA,NA,NA,NA,NA,NA,NA,1.636364,2700,
481,cube0,0.287879,475,0.000000,0.000000,0.000000,0.000000,0.000000,0.000000,NA,NA,
481,vector0,NA,NA,NA,NA,NA,NA,NA,NA,1.657576,2735,
481,vector1,NA,NA,NA,NA,NA,NA,NA,NA,1.378182,2274,
482,cube0,0.347879,574,0.000000,0.000000,0.000000,0.000000,0.000000,0.000000,NA,NA,
482,vector0,NA,NA,NA,NA,NA,NA,NA,NA,1.479394,2441,
482,vector1,NA,NA,NA,NA,NA,NA,NA,NA,1.592121,2627,
483,cube0,0.293939,485,0.000000,0.000000,0.000000,0.000000,0.000000,0.000000,NA,NA,
483,vector0,NA,NA,NA,NA,NA,NA,NA,NA,1.553333,2563,
483,vector1,NA,NA,NA,NA,NA,NA,NA,NA,1.744848,2879,
484,cube0,0.365455,603,0.000000,0.000000,0.000000,0.000000,0.000000,0.000000,NA,NA,
484,vector0,NA,NA,NA,NA,NA,NA,NA,NA,1.509091,2490,
484,vector1,NA,NA,NA,NA,NA,NA,NA,NA,1.466061,2419,
485,cube0,0.323030,533,0.000000,0.000000,0.000000,0.000000,0.000000,0.000000,NA,NA,
485,vector0,NA,NA,NA,NA,NA,NA,NA,NA,1.562424,2578,
485,vector1,NA,NA,NA,NA,NA,NA,NA,NA,1.618182,2670,
486,cube0,0.310303,512,0.000000,0.000000,0.000000,0.000000,0.000000,0.000000,NA,NA,
486,vector0,NA,NA,NA,NA,NA,NA,NA,NA,1.493333,2464,
486,vector1,NA,NA,NA,NA,NA,NA,NA,NA,1.529697,2524,
487,cube0,0.340606,562,0.000000,0.000000,0.000000,0.000000,0.000000,0.000000,NA,NA,
487,vector0,NA,NA,NA,NA,NA,NA,NA,NA,1.650303,2723,
487,vector1,NA,NA,NA,NA,NA,NA,NA,NA,1.776364,2931,
488,cube0,0.315758,521,0.000000,0.000000,0.000000,0.000000,0.000000,0.000000,NA,NA,
488,vector0,NA,NA,NA,NA,NA,NA,NA,NA,1.520000,2508,
488,vector1,NA,NA,NA,NA,NA,NA,NA,NA,1.501212,2477,
489,cube0,0.355152,586,0.000000,0.000000,0.000000,0.000000,0.000000,0.000000,NA,NA,
489,vector0,NA,NA,NA,NA,NA,NA,NA,NA,1.676364,2766,
489,vector1,NA,NA,NA,NA,NA,NA,NA,NA,1.573333,2596,
490,cube0,0.332727,549,0.000000,0.000000,0.000000,0.000000,0.000000,0.000000,NA,NA,
490,vector0,NA,NA,NA,NA,NA,NA,NA,NA,1.410303,2327,
490,vector1,NA,NA,NA,NA,NA,NA,NA,NA,1.552121,2561,
491,cube0,0.375758,620,0.000000,0.000000,0.000000,0.000000,0.000000,0.000000,NA,NA,
491,vector0,NA,NA,NA,NA,NA,NA,NA,NA,1.487879,2455,
491,vector1,NA,NA,NA,NA,NA,NA,NA,NA,1.751515,2890,
492,cube0,0.306061,505,0.000000,0.000000,0.000000,0.000000,0.000000,0.000000,NA,NA,
492,vector0,NA,NA,NA,NA,NA,NA,NA,NA,1.563030,2579,
492,vector1,NA,NA,NA,NA,NA,NA,NA,NA,1.524242,2515,
493,cube0,0.310303,512,0.000000,0.000000,0.000000,0.000000,0.000000,0.000000,NA,NA,
493,vector0,NA,NA,NA,NA,NA,NA,NA,NA,1.787273,2949,
493,vector1,NA,NA,NA,NA,NA,NA,NA,NA,1.680606,2773,
494,cube0,0.320000,528,0.000000,0.000000,0.000000,0.000000,0.000000,0.000000,NA,NA,
494,vector0,NA,NA,NA,NA,NA,NA,NA,NA,1.520000,2508,
494,vector1,NA,NA,NA,NA,NA,NA,NA,NA,1.559394,2573,
495,cube0,0.350909,579,0.000000,0.000000,0.000000,0.000000,0.000000,0.000000,NA,NA,
495,vector0,NA,NA,NA,NA,NA,NA,NA,NA,1.800000,2970,
495,vector1,NA,NA,NA,NA,NA,NA,NA,NA,1.831515,3022,
496,cube0,0.344242,568,0.000000,0.000000,0.000000,0.000000,0.000000,0.000000,NA,NA,
496,vector0,NA,NA,NA,NA,NA,NA,NA,NA,1.440000,2376,
496,vector1,NA,NA,NA,NA,NA,NA,NA,NA,1.540606,2542,
497,cube0,0.308485,509,0.000000,0.000000,0.000000,0.000000,0.000000,0.000000,NA,NA,
497,vector0,NA,NA,NA,NA,NA,NA,NA,NA,1.481818,2445,
497,vector1,NA,NA,NA,NA,NA,NA,NA,NA,1.656364,2733,
498,cube0,0.365455,603,0.000000,0.000000,0.000000,0.000000,0.000000,0.000000,NA,NA,
498,vector0,NA,NA,NA,NA,NA,NA,NA,NA,1.536970,2536,
498,vector1,NA,NA,NA,NA,NA,NA,NA,NA,1.480606,2443,
499,cube0,0.349091,576,0.000000,0.000000,0.000000,0.000000,0.000000,0.000000,NA,NA,
499,vector0,NA,NA,NA,NA,NA,NA,NA,NA,1.618182,2670,
499,vector1,NA,NA,NA,NA,NA,NA,NA,NA,1.430909,2361,
500,cube0,0.347273,573,0.000000,0.000000,0.000000,0.000000,0.000000,0.000000,NA,NA,
500,vector0,NA,NA,NA,NA,NA,NA,NA,NA,1.531515,2527,
500,vector1,NA,NA,NA,NA,NA,NA,NA,NA,1.854545,3060,
501,cube0,0.289091,477,0.000000,0.000000,0.000000,0.000000,0.000000,0.000000,NA,NA,
501,vector0,NA,NA,NA,NA,NA,NA,NA,NA,1.780000,2937,
501,vector1,NA,NA,NA,NA,NA,NA,NA,NA,1.545455,2550,
502,cube0,0.346667,572,0.000000,0.000000,0.000000,0.000000,0.000000,0.000000,NA,NA,
502,vector0,NA,NA,NA,NA,NA,NA,NA,NA,1.370303,2261,
502,vector1,NA,NA,NA,NA,NA,NA,NA,NA,1.475152,2434,
503,cube0,0.293939,485,0.000000,0.000000,0.000000,0.000000,0.000000,0.000000,NA,NA,
503,vector0,NA,NA,NA,NA,NA,NA,NA,NA,1.534545,2532,
503,vector1,NA,NA,NA,NA,NA,NA,NA,NA,1.552121,2561,
504,cube0,0.366061,604,0.000000,0.000000,0.000000,0.000000,0.000000,0.000000,NA,NA,
504,vector0,NA,NA,NA,NA,NA,NA,NA,NA,1.670909,2757,
504,vector1,NA,NA,NA,NA,NA,NA,NA,NA,1.558788,2572,
505,cube0,0.323030,533,0.000000,0.000000,0.000000,0.000000,0.000000,0.000000,NA,NA,
505,vector0,NA,NA,NA,NA,NA,NA,NA,NA,1.589697,2623,
505,vector1,NA,NA,NA,NA,NA,NA,NA,NA,1.601212,2642,
506,cube0,0.319394,527,0.000000,0.000000,0.000000,0.000000,0.000000,0.000000,NA,NA,
506,vector0,NA,NA,NA,NA,NA,NA,NA,NA,1.427879,2356,
506,vector1,NA,NA,NA,NA,NA,NA,NA,NA,1.490909,2460,
507,cube0,0.341212,563,0.000000,0.000000,0.000000,0.000000,0.000000,0.000000,NA,NA,
507,vector0,NA,NA,NA,NA,NA,NA,NA,NA,1.518182,2505,
507,vector1,NA,NA,NA,NA,NA,NA,NA,NA,1.711515,2824,
508,cube0,0.312727,516,0.000000,0.000000,0.000000,0.000000,0.000000,0.000000,NA,NA,
508,vector0,NA,NA,NA,NA,NA,NA,NA,NA,1.553333,2563,
508,vector1,NA,NA,NA,NA,NA,NA,NA,NA,1.594545,2631,
509,cube0,0.352121,581,0.000000,0.000000,0.000000,0.000000,0.000000,0.000000,NA,NA,
509,vector0,NA,NA,NA,NA,NA,NA,NA,NA,1.701818,2808,
509,vector1,NA,NA,NA,NA,NA,NA,NA,NA,1.666667,2750,
510,cube0,0.333333,550,0.000000,0.000000,0.000000,0.000000,0.000000,0.000000,NA,NA,
510,vector0,NA,NA,NA,NA,NA,NA,NA,NA,1.513333,2497,
510,vector1,NA,NA,NA,NA,NA,NA,NA,NA,1.850909,3054,
511,cube0,0.371515,613,0.000000,0.000000,0.000000,0.000000,0.000000,0.000000,NA,NA,
511,vector0,NA,NA,NA,NA,NA,NA,NA,NA,1.658182,2736,
511,vector1,NA,NA,NA,NA,NA,NA,NA,NA,1.743636,2877,
