block_id,sub_block_id,aic_time(us),aic_total_cycles,aiv_time(us),aiv_total_cycles,aiv_ub_read_bw_vector(GB/s),aiv_ub_write_bw_vector(GB/s),aiv_ub_read_bw_scalar(GB/s),aiv_ub_write_bw_scalar(GB/s),
0,cube0,0.451515,745,NA,NA,NA,NA,NA,NA,
0,vector0,NA,NA,1.615758,2666,2.970346,2.333844,0.000000,0.000000,
0,vector1,NA,NA,1.867879,3082,2.970346,2.333844,0.000000,0.000000,
1,cube0,0.386667,638,NA,NA,NA,NA,NA,NA,
1,vector0,NA,NA,2.412121,3980,2.970346,2.333844,0.000000,0.000000,
1,vector1,NA,NA,1.503030,2480,2.970346,2.333844,0.000000,0.000000,
2,cube0,0.446667,737,NA,NA,NA,NA,NA,NA,
2,vector0,NA,NA,2.012121,3320,2.970346,2.333844,0.000000,0.000000,
2,vector1,NA,NA,2.740606,4522,2.970346,2.333844,0.000000,0.000000,
3,cube0,0.393333,649,NA,NA,NA,NA,NA,NA,
3,vector0,NA,NA,2.831515,4672,2.970346,2.333844,0.000000,0.000000,
3,vector1,NA,NA,1.633333,2695,2.970346,2.333844,0.000000,0.000000,
4,cube0,0.464242,766,NA,NA,NA,NA,NA,NA,
4,vector0,NA,NA,2.764848,4562,2.970346,2.333844,0.000000,0.000000,
4,vector1,NA,NA,1.745455,2880,2.970346,2.333844,0.000000,0.000000,
5,cube0,0.420606,694,NA,NA,NA,NA,NA,NA,
5,vector0,NA,NA,2.423636,3999,2.970346,2.333844,0.000000,0.000000,
5,vector1,NA,NA,2.003636,3306,2.970346,2.333844,0.000000,0.000000,
6,cube0,0.401818,663,NA,NA,NA,NA,NA,NA,
6,vector0,NA,NA,2.073333,3421,2.970346,2.333844,0.000000,0.000000,
6,vector1,NA,NA,2.004242,3307,2.970346,2.333844,0.000000,0.000000,
7,cube0,0.445455,735,NA,NA,NA,NA,NA,NA,
7,vector0,NA,NA,2.083030,3437,2.970346,2.333844,0.000000,0.000000,
7,vector1,NA,NA,1.806061,2980,2.970346,2.333844,0.000000,0.000000,
8,cube0,0.412121,680,NA,NA,NA,NA,NA,NA,
8,vector0,NA,NA,2.409091,3975,2.970346,2.333844,0.000000,0.000000,
8,vector1,NA,NA,2.404243,3967,2.970346,2.333844,0.000000,0.000000,
9,cube0,0.455152,751,NA,NA,NA,NA,NA,NA,
9,vector0,NA,NA,2.097576,3461,2.970346,2.333844,0.000000,0.000000,
9,vector1,NA,NA,2.483636,4098,2.970346,2.333844,0.000000,0.000000,
10,cube0,0.517576,854,NA,NA,NA,NA,NA,NA,
10,vector0,NA,NA,1.930909,3186,2.970346,2.333844,0.000000,0.000000,
10,vector1,NA,NA,1.864242,3076,2.970346,2.333844,0.000000,0.000000,
11,cube0,0.478788,790,NA,NA,NA,NA,NA,NA,
11,vector0,NA,NA,2.234545,3687,2.970346,2.333844,0.000000,0.000000,
11,vector1,NA,NA,2.003636,3306,2.970346,2.333844,0.000000,0.000000,
12,cube0,0.420606,694,NA,NA,NA,NA,NA,NA,
12,vector0,NA,NA,2.223636,3669,2.970346,2.333844,0.000000,0.000000,
12,vector1,NA,NA,2.386667,3938,2.970346,2.333844,0.000000,0.000000,
13,cube0,0.414545,684,NA,NA,NA,NA,NA,NA,
13,vector0,NA,NA,2.488485,4106,2.970346,2.333844,0.000000,0.000000,
13,vector1,NA,NA,2.122424,3502,2.970346,2.333844,0.000000,0.000000,
14,cube0,0.420606,694,NA,NA,NA,NA,NA,NA,
14,vector0,NA,NA,2.414546,3984,2.970346,2.333844,0.000000,0.000000,
14,vector1,NA,NA,1.947273,3213,2.970346,2.333844,0.000000,0.000000,
15,cube0,0.455758,752,NA,NA,NA,NA,NA,NA,
15,vector0,NA,NA,2.086061,3442,2.970346,2.333844,0.000000,0.000000,
15,vector1,NA,NA,2.261818,3732,2.970346,2.333844,0.000000,0.000000,
16,cube0,0.438182,723,NA,NA,NA,NA,NA,NA,
16,vector0,NA,NA,2.323030,3833,2.970346,2.333844,0.000000,0.000000,
16,vector1,NA,NA,2.490303,4109,2.970346,2.333844,0.000000,0.000000,
17,cube0,0.410909,678,NA,NA,NA,NA,NA,NA,
17,vector0,NA,NA,2.608485,4304,2.970346,2.333844,0.000000,0.000000,
17,vector1,NA,NA,2.218182,3660,2.970346,2.333844,0.000000,0.000000,
18,cube0,0.460606,760,NA,NA,NA,NA,NA,NA,
18,vector0,NA,NA,2.438182,4023,2.970346,2.333844,0.000000,0.000000,
18,vector1,NA,NA,2.154546,3555,2.970346,2.333844,0.000000,0.000000,
19,cube0,0.461212,761,NA,NA,NA,NA,NA,NA,
19,vector0,NA,NA,2.635758,4349,2.970346,2.333844,0.000000,0.000000,
19,vector1,NA,NA,2.269697,3745,2.970346,2.333844,0.000000,0.000000,
20,cube0,0.352121,581,NA,NA,NA,NA,NA,NA,
20,vector0,NA,NA,1.527273,2520,2.970346,2.333844,0.000000,0.000000,
20,vector1,NA,NA,1.509697,2491,2.970346,2.333844,0.000000,0.000000,
21,cube0,0.289697,478,NA,NA,NA,NA,NA,NA,
21,vector0,NA,NA,1.467879,2422,2.970346,2.333844,0.000000,0.000000,
21,vector1,NA,NA,1.459394,2408,2.970346,2.333844,0.000000,0.000000,
22,cube0,0.347879,574,NA,NA,NA,NA,NA,NA,
22,vector0,NA,NA,1.563636,2580,2.970346,2.333844,0.000000,0.000000,
22,vector1,NA,NA,1.544242,2548,2.970346,2.333844,0.000000,0.000000,
23,cube0,0.290909,480,NA,NA,NA,NA,NA,NA,
23,vector0,NA,NA,1.646061,2716,2.970346,2.333844,0.000000,0.000000,
23,vector1,NA,NA,1.638182,2703,2.970346,2.333844,0.000000,0.000000,
24,cube0,0.366667,605,NA,NA,NA,NA,NA,NA,
24,vector0,NA,NA,1.493333,2464,2.970346,2.333844,0.000000,0.000000,
24,vector1,NA,NA,1.513939,2498,2.970346,2.333844,0.000000,0.000000,
25,cube0,0.321818,531,NA,NA,NA,NA,NA,NA,
25,vector0,NA,NA,1.575758,2600,2.970346,2.333844,0.000000,0.000000,
25,vector1,NA,NA,1.609697,2656,2.970346,2.333844,0.000000,0.000000,
26,cube0,0.313939,518,NA,NA,NA,NA,NA,NA,
26,vector0,NA,NA,1.553333,2563,2.970346,2.333844,0.000000,0.000000,
26,vector1,NA,NA,1.499394,2474,2.970346,2.333844,0.000000,0.000000,
27,cube0,0.340000,561,NA,NA,NA,NA,NA,NA,
27,vector0,NA,NA,1.557576,2570,2.970346,2.333844,0.000000,0.000000,
27,vector1,NA,NA,1.666667,2750,2.970346,2.333844,0.000000,0.000000,
28,cube0,0.315758,521,NA,NA,NA,NA,NA,NA,
28,vector0,NA,NA,1.503030,2480,2.970346,2.333844,0.000000,0.000000,
28,vector1,NA,NA,1.480000,2442,2.970346,2.333844,0.000000,0.000000,
29,cube0,0.352727,582,NA,NA,NA,NA,NA,NA,
29,vector0,NA,NA,1.564849,2582,2.970346,2.333844,0.000000,0.000000,
29,vector1,NA,NA,1.398182,2307,2.970346,2.333844,0.000000,0.000000,
30,cube0,0.330909,546,NA,NA,NA,NA,NA,NA,
30,vector0,NA,NA,1.481818,2445,2.970346,2.333844,0.000000,0.000000,
30,vector1,NA,NA,1.461212,2411,2.970346,2.333844,0.000000,0.000000,
31,cube0,0.373939,617,NA,NA,NA,NA,NA,NA,
31,vector0,NA,NA,1.653939,2729,2.970346,2.333844,0.000000,0.000000,
31,vector1,NA,NA,1.585455,2616,2.970346,2.333844,0.000000,0.000000,
32,cube0,0.304848,503,NA,NA,NA,NA,NA,NA,
32,vector0,NA,NA,1.490909,2460,2.970346,2.333844,0.000000,0.000000,
32,vector1,NA,NA,1.497576,2471,2.970346,2.333844,0.000000,0.000000,
33,cube0,0.314545,519,NA,NA,NA,NA,NA,NA,
33,vector0,NA,NA,1.572727,2595,2.970346,2.333844,0.000000,0.000000,
33,vector1,NA,NA,1.581212,2609,2.970346,2.333844,0.000000,0.000000,
34,cube0,0.317576,524,NA,NA,NA,NA,NA,NA,
34,vector0,NA,NA,1.435758,2369,2.970346,2.333844,0.000000,0.000000,
34,vector1,NA,NA,1.385455,2286,2.970346,2.333844,0.000000,0.000000,
35,cube0,0.348485,575,NA,NA,NA,NA,NA,NA,
35,vector0,NA,NA,1.528485,2522,2.970346,2.333844,0.000000,0.000000,
35,vector1,NA,NA,1.549091,2556,2.970346,2.333844,0.000000,0.000000,
36,cube0,0.341212,563,NA,NA,NA,NA,NA,NA,
36,vector0,NA,NA,1.630909,2691,2.970346,2.333844,0.000000,0.000000,
36,vector1,NA,NA,1.501818,2478,2.970346,2.333844,0.000000,0.000000,
37,cube0,0.309697,511,NA,NA,NA,NA,NA,NA,
37,vector0,NA,NA,1.660000,2739,2.970346,2.333844,0.000000,0.000000,
37,vector1,NA,NA,1.544848,2549,2.970346,2.333844,0.000000,0.000000,
38,cube0,0.363030,599,NA,NA,NA,NA,NA,NA,
38,vector0,NA,NA,1.492727,2463,2.970346,2.333844,0.000000,0.000000,
38,vector1,NA,NA,1.877576,3098,2.970346,2.333844,0.000000,0.000000,
39,cube0,0.347879,574,NA,NA,NA,NA,NA,NA,
39,vector0,NA,NA,1.580000,2607,2.970346,2.333844,0.000000,0.000000,
39,vector1,NA,NA,1.486061,2452,2.970346,2.333844,0.000000,0.000000,
40,cube0,0.349697,577,NA,NA,NA,NA,NA,NA,
40,vector0,NA,NA,1.599394,2639,2.970346,2.333844,0.000000,0.000000,
40,vector1,NA,NA,1.420606,2344,2.970346,2.333844,0.000000,0.000000,
41,cube0,0.290303,479,NA,NA,NA,NA,NA,NA,
41,vector0,NA,NA,1.784848,2945,2.970346,2.333844,0.000000,0.000000,
41,vector1,NA,NA,1.514545,2499,2.970346,2.333844,0.000000,0.000000,
42,cube0,0.346061,571,NA,NA,NA,NA,NA,NA,
42,vector0,NA,NA,1.561818,2577,2.970346,2.333844,0.000000,0.000000,
42,vector1,NA,NA,1.535758,2534,2.970346,2.333844,0.000000,0.000000,
43,cube0,0.294545,486,NA,NA,NA,NA,NA,NA,
43,vector0,NA,NA,1.641818,2709,2.970346,2.333844,0.000000,0.000000,
43,vector1,NA,NA,1.623636,2679,2.970346,2.333844,0.000000,0.000000,
44,cube0,0.367273,606,NA,NA,NA,NA,NA,NA,
44,vector0,NA,NA,1.406061,2320,2.970346,2.333844,0.000000,0.000000,
44,vector1,NA,NA,1.380606,2278,2.970346,2.333844,0.000000,0.000000,
45,cube0,0.322424,532,NA,NA,NA,NA,NA,NA,
45,vector0,NA,NA,1.681212,2774,2.970346,2.333844,0.000000,0.000000,
45,vector1,NA,NA,1.443030,2381,2.970346,2.333844,0.000000,0.000000,
46,cube0,0.312121,515,NA,NA,NA,NA,NA,NA,
46,vector0,NA,NA,1.530303,2525,2.970346,2.333844,0.000000,0.000000,
46,vector1,NA,NA,2.005455,3309,2.970346,2.333844,0.000000,0.000000,
47,cube0,0.343636,567,NA,NA,NA,NA,NA,NA,
47,vector0,NA,NA,1.639394,2705,2.970346,2.333844,0.000000,0.000000,
47,vector1,NA,NA,1.544848,2549,2.970346,2.333844,0.000000,0.000000,
48,cube0,0.316364,522,NA,NA,NA,NA,NA,NA,
48,vector0,NA,NA,1.530909,2526,2.970346,2.333844,0.000000,0.000000,
48,vector1,NA,NA,1.868485,3083,2.970346,2.333844,0.000000,0.000000,
49,cube0,0.352727,582,NA,NA,NA,NA,NA,NA,
49,vector0,NA,NA,1.596364,2634,2.970346,2.333844,0.000000,0.000000,
49,vector1,NA,NA,1.547879,2554,2.970346,2.333844,0.000000,0.000000,
50,cube0,0.329091,543,NA,NA,NA,NA,NA,NA,
50,vector0,NA,NA,1.653939,2729,2.970346,2.333844,0.000000,0.000000,
50,vector1,NA,NA,1.982424,3271,2.970346,2.333844,0.000000,0.000000,
51,cube0,0.371515,613,NA,NA,NA,NA,NA,NA,
51,vector0,NA,NA,1.690909,2790,2.970346,2.333844,0.000000,0.000000,
51,vector1,NA,NA,1.587879,2620,2.970346,2.333844,0.000000,0.000000,
52,cube0,0.305455,504,NA,NA,NA,NA,NA,NA,
52,vector0,NA,NA,1.558788,2572,2.970346,2.333844,0.000000,0.000000,
52,vector1,NA,NA,1.395151,2302,2.970346,2.333844,0.000000,0.000000,
53,cube0,0.310303,512,NA,NA,NA,NA,NA,NA,
53,vector0,NA,NA,1.695758,2798,2.970346,2.333844,0.000000,0.000000,
53,vector1,NA,NA,1.572727,2595,2.970346,2.333844,0.000000,0.000000,
54,cube0,0.321212,530,NA,NA,NA,NA,NA,NA,
54,vector0,NA,NA,1.475758,2435,2.970346,2.333844,0.000000,0.000000,
54,vector1,NA,NA,1.804848,2978,2.970346,2.333844,0.000000,0.000000,
55,cube0,0.352727,582,NA,NA,NA,NA,NA,NA,
55,vector0,NA,NA,1.590303,2624,2.970346,2.333844,0.000000,0.000000,
55,vector1,NA,NA,1.580000,2607,2.970346,2.333844,0.000000,0.000000,
56,cube0,0.340000,561,NA,NA,NA,NA,NA,NA,
56,vector0,NA,NA,1.623636,2679,2.970346,2.333844,0.000000,0.000000,
56,vector1,NA,NA,1.537576,2537,2.970346,2.333844,0.000000,0.000000,
57,cube0,0.306667,506,NA,NA,NA,NA,NA,NA,
57,vector0,NA,NA,1.818788,3001,2.970346,2.333844,0.000000,0.000000,
57,vector1,NA,NA,1.663636,2745,2.970346,2.333844,0.000000,0.000000,
58,cube0,0.364242,601,NA,NA,NA,NA,NA,NA,
58,vector0,NA,NA,1.497576,2471,2.970346,2.333844,0.000000,0.000000,
58,vector1,NA,NA,1.689091,2787,2.970346,2.333844,0.000000,0.000000,
59,cube0,0.350909,579,NA,NA,NA,NA,NA,NA,
59,vector0,NA,NA,1.587879,2620,2.970346,2.333844,0.000000,0.000000,
59,vector1,NA,NA,1.383030,2282,2.970346,2.333844,0.000000,0.000000,
60,cube0,0.347273,573,NA,NA,NA,NA,NA,NA,
60,vector0,NA,NA,1.565455,2583,2.970346,2.333844,0.000000,0.000000,
60,vector1,NA,NA,1.529091,2523,2.970346,2.333844,0.000000,0.000000,
61,cube0,0.293333,484,NA,NA,NA,NA,NA,NA,
61,vector0,NA,NA,1.632121,2693,2.970346,2.333844,0.000000,0.000000,
61,vector1,NA,NA,1.732121,2858,2.970346,2.333844,0.000000,0.000000,
62,cube0,0.344848,569,NA,NA,NA,NA,NA,NA,
62,vector0,NA,NA,1.416970,2338,2.970346,2.333844,0.000000,0.000000,
62,vector1,NA,NA,1.447879,2389,2.970346,2.333844,0.000000,0.000000,
63,cube0,0.294545,486,NA,NA,NA,NA,NA,NA,
63,vector0,NA,NA,1.426667,2354,2.970346,2.333844,0.000000,0.000000,
63,vector1,NA,NA,1.502424,2479,2.970346,2.333844,0.000000,0.000000,
64,cube0,0.363636,600,NA,NA,NA,NA,NA,NA,
64,vector0,NA,NA,1.561818,2577,2.970346,2.333844,0.000000,0.000000,
64,vector1,NA,NA,1.518182,2505,2.970346,2.333844,0.000000,0.000000,
65,cube0,0.323636,534,NA,NA,NA,NA,NA,NA,
65,vector0,NA,NA,1.741818,2874,2.970346,2.333844,0.000000,0.000000,
65,vector1,NA,NA,1.587273,2619,2.970346,2.333844,0.000000,0.000000,
66,cube0,0.312727,516,NA,NA,NA,NA,NA,NA,
66,vector0,NA,NA,1.512727,2496,2.970346,2.333844,0.000000,0.000000,
66,vector1,NA,NA,2.020000,3333,2.970346,2.333844,0.000000,0.000000,
67,cube0,0.343030,566,NA,NA,NA,NA,NA,NA,
67,vector0,NA,NA,1.695758,2798,2.970346,2.333844,0.000000,0.000000,
67,vector1,NA,NA,1.573333,2596,2.970346,2.333844,0.000000,0.000000,
68,cube0,0.315152,520,NA,NA,NA,NA,NA,NA,
68,vector0,NA,NA,1.518182,2505,2.970346,2.333844,0.000000,0.000000,
68,vector1,NA,NA,1.885455,3111,2.970346,2.333844,0.000000,0.000000,
69,cube0,0.351515,580,NA,NA,NA,NA,NA,NA,
69,vector0,NA,NA,1.736970,2866,2.970346,2.333844,0.000000,0.000000,
69,vector1,NA,NA,1.689697,2788,2.970346,2.333844,0.000000,0.000000,
70,cube0,0.329697,544,NA,NA,NA,NA,NA,NA,
70,vector0,NA,NA,1.373333,2266,2.970346,2.333844,0.000000,0.000000,
70,vector1,NA,NA,1.536364,2535,2.970346,2.333844,0.000000,0.000000,
71,cube0,0.376970,622,NA,NA,NA,NA,NA,NA,
71,vector0,NA,NA,1.632121,2693,2.970346,2.333844,0.000000,0.000000,
71,vector1,NA,NA,1.651515,2725,2.970346,2.333844,0.000000,0.000000,
72,cube0,0.306061,505,NA,NA,NA,NA,NA,NA,
72,vector0,NA,NA,1.460000,2409,2.970346,2.333844,0.000000,0.000000,
72,vector1,NA,NA,1.366061,2254,2.970346,2.333844,0.000000,0.000000,
73,cube0,0.308485,509,NA,NA,NA,NA,NA,NA,
73,vector0,NA,NA,1.564849,2582,2.970346,2.333844,0.000000,0.000000,
73,vector1,NA,NA,1.421818,2346,2.970346,2.333844,0.000000,0.000000,
74,cube0,0.320000,528,NA,NA,NA,NA,NA,NA,
74,vector0,NA,NA,1.552121,2561,2.970346,2.333844,0.000000,0.000000,
74,vector1,NA,NA,1.998182,3297,2.970346,2.333844,0.000000,0.000000,
75,cube0,0.360606,595,NA,NA,NA,NA,NA,NA,
75,vector0,NA,NA,1.732727,2859,2.970346,2.333844,0.000000,0.000000,
75,vector1,NA,NA,1.597576,2636,2.970346,2.333844,0.000000,0.000000,
76,cube0,0.343636,567,NA,NA,NA,NA,NA,NA,
76,vector0,NA,NA,1.555151,2566,2.970346,2.333844,0.000000,0.000000,
76,vector1,NA,NA,1.795758,2963,2.970346,2.333844,0.000000,0.000000,
77,cube0,0.304242,502,NA,NA,NA,NA,NA,NA,
77,vector0,NA,NA,1.715758,2831,2.970346,2.333844,0.000000,0.000000,
77,vector1,NA,NA,1.569091,2589,2.970346,2.333844,0.000000,0.000000,
78,cube0,0.363636,600,NA,NA,NA,NA,NA,NA,
78,vector0,NA,NA,1.648485,2720,2.970346,2.333844,0.000000,0.000000,
78,vector1,NA,NA,1.417576,2339,2.970346,2.333844,0.000000,0.000000,
79,cube0,0.348485,575,NA,NA,NA,NA,NA,NA,
79,vector0,NA,NA,1.826667,3014,2.970346,2.333844,0.000000,0.000000,
79,vector1,NA,NA,1.672121,2759,2.970346,2.333844,0.000000,0.000000,
80,cube0,0.349091,576,NA,NA,NA,NA,NA,NA,
80,vector0,NA,NA,1.519394,2507,2.970346,2.333844,0.000000,0.000000,
80,vector1,NA,NA,1.513939,2498,2.970346,2.333844,0.000000,0.000000,
81,cube0,0.289697,478,NA,NA,NA,NA,NA,NA,
81,vector0,NA,NA,1.627273,2685,2.970346,2.333844,0.000000,0.000000,
81,vector1,NA,NA,1.614545,2664,2.970346,2.333844,0.000000,0.000000,
82,cube0,0.344848,569,NA,NA,NA,NA,NA,NA,
82,vector0,NA,NA,1.468485,2423,2.970346,2.333844,0.000000,0.000000,
82,vector1,NA,NA,1.732121,2858,2.970346,2.333844,0.000000,0.000000,
83,cube0,0.292727,483,NA,NA,NA,NA,NA,NA,
83,vector0,NA,NA,1.617576,2669,2.970346,2.333844,0.000000,0.000000,
83,vector1,NA,NA,1.520606,2509,2.970346,2.333844,0.000000,0.000000,
84,cube0,0.364848,602,NA,NA,NA,NA,NA,NA,
84,vector0,NA,NA,1.480000,2442,2.970346,2.333844,0.000000,0.000000,
84,vector1,NA,NA,1.541212,2543,2.970346,2.333844,0.000000,0.000000,
85,cube0,0.323636,534,NA,NA,NA,NA,NA,NA,
85,vector0,NA,NA,1.648485,2720,2.970346,2.333844,0.000000,0.000000,
85,vector1,NA,NA,1.807273,2982,2.970346,2.333844,0.000000,0.000000,
86,cube0,0.311515,514,NA,NA,NA,NA,NA,NA,
86,vector0,NA,NA,1.481818,2445,2.970346,2.333844,0.000000,0.000000,
86,vector1,NA,NA,1.666667,2750,2.970346,2.333844,0.000000,0.000000,
87,cube0,0.341212,563,NA,NA,NA,NA,NA,NA,
87,vector0,NA,NA,1.447879,2389,2.970346,2.333844,0.000000,0.000000,
87,vector1,NA,NA,1.619394,2672,2.970346,2.333844,0.000000,0.000000,
88,cube0,0.315758,521,NA,NA,NA,NA,NA,NA,
88,vector0,NA,NA,1.489091,2457,2.970346,2.333844,0.000000,0.000000,
88,vector1,NA,NA,1.598182,2637,2.970346,2.333844,0.000000,0.000000,
89,cube0,0.352121,581,NA,NA,NA,NA,NA,NA,
89,vector0,NA,NA,1.601212,2642,2.970346,2.333844,0.000000,0.000000,
89,vector1,NA,NA,1.771515,2923,2.970346,2.333844,0.000000,0.000000,
90,cube0,0.327879,541,NA,NA,NA,NA,NA,NA,
90,vector0,NA,NA,1.760606,2905,2.970346,2.333844,0.000000,0.000000,
90,vector1,NA,NA,1.902424,3139,2.970346,2.333844,0.000000,0.000000,
91,cube0,0.383030,632,NA,NA,NA,NA,NA,NA,
91,vector0,NA,NA,1.529091,2523,2.970346,2.333844,0.000000,0.000000,
91,vector1,NA,NA,1.550303,2558,2.970346,2.333844,0.000000,0.000000,
92,cube0,0.306667,506,NA,NA,NA,NA,NA,NA,
92,vector0,NA,NA,1.579394,2606,2.970346,2.333844,0.000000,0.000000,
92,vector1,NA,NA,1.558182,2571,2.970346,2.333844,0.000000,0.000000,
93,cube0,0.309091,510,NA,NA,NA,NA,NA,NA,
93,vector0,NA,NA,1.511515,2494,2.970346,2.333844,0.000000,0.000000,
93,vector1,NA,NA,1.505455,2484,2.970346,2.333844,0.000000,0.000000,
94,cube0,0.317576,524,NA,NA,NA,NA,NA,NA,
94,vector0,NA,NA,1.427273,2355,2.970346,2.333844,0.000000,0.000000,
94,vector1,NA,NA,1.825455,3012,2.970346,2.333844,0.000000,0.000000,
95,cube0,0.348485,575,NA,NA,NA,NA,NA,NA,
95,vector0,NA,NA,1.590909,2625,2.970346,2.333844,0.000000,0.000000,
95,vector1,NA,NA,1.553939,2564,2.970346,2.333844,0.000000,0.000000,
96,cube0,0.340000,561,NA,NA,NA,NA,NA,NA,
96,vector0,NA,NA,1.461818,2412,2.970346,2.333844,0.000000,0.000000,
96,vector1,NA,NA,1.432121,2363,2.970346,2.333844,0.000000,0.000000,
97,cube0,0.312727,516,NA,NA,NA,NA,NA,NA,
97,vector0,NA,NA,1.524242,2515,2.970346,2.333844,0.000000,0.000000,
97,vector1,NA,NA,1.586667,2618,2.970346,2.333844,0.000000,0.000000,
98,cube0,0.358182,591,NA,NA,NA,NA,NA,NA,
98,vector0,NA,NA,1.375152,2269,2.970346,2.333844,0.000000,0.000000,
98,vector1,NA,NA,1.502424,2479,2.970346,2.333844,0.000000,0.000000,
99,cube0,0.349091,576,NA,NA,NA,NA,NA,NA,
99,vector0,NA,NA,1.581212,2609,2.970346,2.333844,0.000000,0.000000,
99,vector1,NA,NA,1.663030,2744,2.970346,2.333844,0.000000,0.000000,
100,cube0,0.347273,573,NA,NA,NA,NA,NA,NA,
100,vector0,NA,NA,1.447879,2389,2.970346,2.333844,0.000000,0.000000,
100,vector1,NA,NA,1.482424,2446,2.970346,2.333844,0.000000,0.000000,
101,cube0,0.289091,477,NA,NA,NA,NA,NA,NA,
101,vector0,NA,NA,1.541212,2543,2.970346,2.333844,0.000000,0.000000,
101,vector1,NA,NA,1.575152,2599,2.970346,2.333844,0.000000,0.000000,
102,cube0,0.344848,569,NA,NA,NA,NA,NA,NA,
102,vector0,NA,NA,1.378182,2274,2.970346,2.333844,0.000000,0.000000,
102,vector1,NA,NA,1.474545,2433,2.970346,2.333844,0.000000,0.000000,
103,cube0,0.292121,482,NA,NA,NA,NA,NA,NA,
103,vector0,NA,NA,1.649091,2721,2.970346,2.333844,0.000000,0.000000,
103,vector1,NA,NA,1.719394,2837,2.970346,2.333844,0.000000,0.000000,
104,cube0,0.369091,609,NA,NA,NA,NA,NA,NA,
104,vector0,NA,NA,1.537576,2537,2.970346,2.333844,0.000000,0.000000,
104,vector1,NA,NA,1.548485,2555,2.970346,2.333844,0.000000,0.000000,
105,cube0,0.324242,535,NA,NA,NA,NA,NA,NA,
105,vector0,NA,NA,1.904848,3143,2.970346,2.333844,0.000000,0.000000,
105,vector1,NA,NA,1.751515,2890,2.970346,2.333844,0.000000,0.000000,
106,cube0,0.313939,518,NA,NA,NA,NA,NA,NA,
106,vector0,NA,NA,1.599394,2639,2.970346,2.333844,0.000000,0.000000,
106,vector1,NA,NA,1.643030,2711,2.970346,2.333844,0.000000,0.000000,
107,cube0,0.338788,559,NA,NA,NA,NA,NA,NA,
107,vector0,NA,NA,1.756364,2898,2.970346,2.333844,0.000000,0.000000,
107,vector1,NA,NA,1.725455,2847,2.970346,2.333844,0.000000,0.000000,
108,cube0,0.315758,521,NA,NA,NA,NA,NA,NA,
108,vector0,NA,NA,1.518788,2506,2.970346,2.333844,0.000000,0.000000,
108,vector1,NA,NA,1.405455,2319,2.970346,2.333844,0.000000,0.000000,
109,cube0,0.353333,583,NA,NA,NA,NA,NA,NA,
109,vector0,NA,NA,1.746667,2882,2.970346,2.333844,0.000000,0.000000,
109,vector1,NA,NA,1.702424,2809,2.970346,2.333844,0.000000,0.000000,
110,cube0,0.326667,539,NA,NA,NA,NA,NA,NA,
110,vector0,NA,NA,1.515152,2500,2.970346,2.333844,0.000000,0.000000,
110,vector1,NA,NA,1.552727,2562,2.970346,2.333844,0.000000,0.000000,
111,cube0,0.375758,620,NA,NA,NA,NA,NA,NA,
111,vector0,NA,NA,1.653333,2728,2.970346,2.333844,0.000000,0.000000,
111,vector1,NA,NA,1.623030,2678,2.970346,2.333844,0.000000,0.000000,
112,cube0,0.306667,506,NA,NA,NA,NA,NA,NA,
112,vector0,NA,NA,1.566061,2584,2.970346,2.333844,0.000000,0.000000,
112,vector1,NA,NA,1.524848,2516,2.970346,2.333844,0.000000,0.000000,
113,cube0,0.311515,514,NA,NA,NA,NA,NA,NA,
113,vector0,NA,NA,1.818788,3001,2.970346,2.333844,0.000000,0.000000,
113,vector1,NA,NA,1.691515,2791,2.970346,2.333844,0.000000,0.000000,
114,cube0,0.321818,531,NA,NA,NA,NA,NA,NA,
114,vector0,NA,NA,1.870303,3086,2.970346,2.333844,0.000000,0.000000,
114,vector1,NA,NA,1.379394,2276,2.970346,2.333844,0.000000,0.000000,
115,cube0,0.349091,576,NA,NA,NA,NA,NA,NA,
115,vector0,NA,NA,1.495152,2467,2.970346,2.333844,0.000000,0.000000,
115,vector1,NA,NA,1.568485,2588,2.970346,2.333844,0.000000,0.000000,
116,cube0,0.336970,556,NA,NA,NA,NA,NA,NA,
116,vector0,NA,NA,1.381212,2279,2.970346,2.333844,0.000000,0.000000,
116,vector1,NA,NA,1.847273,3048,2.970346,2.333844,0.000000,0.000000,
117,cube0,0.302424,499,NA,NA,NA,NA,NA,NA,
117,vector0,NA,NA,1.493939,2465,2.970346,2.333844,0.000000,0.000000,
117,vector1,NA,NA,1.658182,2736,2.970346,2.333844,0.000000,0.000000,
118,cube0,0.360000,594,NA,NA,NA,NA,NA,NA,
118,vector0,NA,NA,1.532121,2528,2.970346,2.333844,0.000000,0.000000,
118,vector1,NA,NA,1.535151,2533,2.970346,2.333844,0.000000,0.000000,
119,cube0,0.349091,576,NA,NA,NA,NA,NA,NA,
119,vector0,NA,NA,1.561212,2576,2.970346,2.333844,0.000000,0.000000,
119,vector1,NA,NA,1.672121,2759,2.970346,2.333844,0.000000,0.000000,
120,cube0,0.347273,573,NA,NA,NA,NA,NA,NA,
120,vector0,NA,NA,1.547273,2553,2.970346,2.333844,0.000000,0.000000,
120,vector1,NA,NA,1.538788,2539,2.970346,2.333844,0.000000,0.000000,
121,cube0,0.287879,475,NA,NA,NA,NA,NA,NA,
121,vector0,NA,NA,1.693333,2794,2.970346,2.333844,0.000000,0.000000,
121,vector1,NA,NA,1.573939,2597,2.970346,2.333844,0.000000,0.000000,
122,cube0,0.346061,571,NA,NA,NA,NA,NA,NA,
122,vector0,NA,NA,1.546061,2551,2.970346,2.333844,0.000000,0.000000,
122,vector1,NA,NA,1.856364,3063,2.970346,2.333844,0.000000,0.000000,
123,cube0,0.303636,501,NA,NA,NA,NA,NA,NA,
123,vector0,NA,NA,1.624242,2680,2.970346,2.333844,0.000000,0.000000,
123,vector1,NA,NA,1.537576,2537,2.970346,2.333844,0.000000,0.000000,
124,cube0,0.370303,611,NA,NA,NA,NA,NA,NA,
124,vector0,NA,NA,1.824849,3011,2.970346,2.333844,0.000000,0.000000,
124,vector1,NA,NA,1.792727,2958,2.970346,2.333844,0.000000,0.000000,
125,cube0,0.330909,546,NA,NA,NA,NA,NA,NA,
125,vector0,NA,NA,1.440606,2377,2.970346,2.333844,0.000000,0.000000,
125,vector1,NA,NA,1.526667,2519,2.970346,2.333844,0.000000,0.000000,
126,cube0,0.315152,520,NA,NA,NA,NA,NA,NA,
126,vector0,NA,NA,1.563636,2580,2.970346,2.333844,0.000000,0.000000,
126,vector1,NA,NA,1.506667,2486,2.970346,2.333844,0.000000,0.000000,
127,cube0,0.344848,569,NA,NA,NA,NA,NA,NA,
127,vector0,NA,NA,1.732121,2858,2.970346,2.333844,0.000000,0.000000,
127,vector1,NA,NA,1.680606,2773,2.970346,2.333844,0.000000,0.000000,
128,cube0,0.316364,522,NA,NA,NA,NA,NA,NA,
128,vector0,NA,NA,1.406667,2321,2.970346,2.333844,0.000000,0.000000,
128,vector1,NA,NA,1.510303,2492,2.970346,2.333844,0.000000,0.000000,
129,cube0,0.348485,575,NA,NA,NA,NA,NA,NA,
129,vector0,NA,NA,1.490909,2460,2.970346,2.333844,0.000000,0.000000,
129,vector1,NA,NA,1.618788,2671,2.970346,2.333844,0.000000,0.000000,
130,cube0,0.335758,554,NA,NA,NA,NA,NA,NA,
130,vector0,NA,NA,1.391515,2296,2.970346,2.333844,0.000000,0.000000,
130,vector1,NA,NA,1.441818,2379,2.970346,2.333844,0.000000,0.000000,
131,cube0,0.374545,618,NA,NA,NA,NA,NA,NA,
131,vector0,NA,NA,1.608485,2654,2.970346,2.333844,0.000000,0.000000,
131,vector1,NA,NA,1.667273,2751,2.970346,2.333844,0.000000,0.000000,
132,cube0,0.306061,505,NA,NA,NA,NA,NA,NA,
132,vector0,NA,NA,1.550303,2558,2.970346,2.333844,0.000000,0.000000,
132,vector1,NA,NA,1.481818,2445,2.970346,2.333844,0.000000,0.000000,
133,cube0,0.309091,510,NA,NA,NA,NA,NA,NA,
133,vector0,NA,NA,1.476364,2436,2.970346,2.333844,0.000000,0.000000,
133,vector1,NA,NA,1.558182,2571,2.970346,2.333844,0.000000,0.000000,
134,cube0,0.320000,528,NA,NA,NA,NA,NA,NA,
134,vector0,NA,NA,1.577576,2603,2.970346,2.333844,0.000000,0.000000,
134,vector1,NA,NA,1.495152,2467,2.970346,2.333844,0.000000,0.000000,
135,cube0,0.352727,582,NA,NA,NA,NA,NA,NA,
135,vector0,NA,NA,1.758182,2901,2.970346,2.333844,0.000000,0.000000,
135,vector1,NA,NA,1.536364,2535,2.970346,2.333844,0.000000,0.000000,
136,cube0,0.340000,561,NA,NA,NA,NA,NA,NA,
136,vector0,NA,NA,1.895758,3128,2.970346,2.333844,0.000000,0.000000,
136,vector1,NA,NA,1.756364,2898,2.970346,2.333844,0.000000,0.000000,
137,cube0,0.306667,506,NA,NA,NA,NA,NA,NA,
137,vector0,NA,NA,1.613939,2663,2.970346,2.333844,0.000000,0.000000,
137,vector1,NA,NA,1.447879,2389,2.970346,2.333844,0.000000,0.000000,
138,cube0,0.362424,598,NA,NA,NA,NA,NA,NA,
138,vector0,NA,NA,1.554545,2565,2.970346,2.333844,0.000000,0.000000,
138,vector1,NA,NA,1.536970,2536,2.970346,2.333844,0.000000,0.000000,
139,cube0,0.350303,578,NA,NA,NA,NA,NA,NA,
139,vector0,NA,NA,1.686667,2783,2.970346,2.333844,0.000000,0.000000,
139,vector1,NA,NA,1.692121,2792,2.970346,2.333844,0.000000,0.000000,
140,cube0,0.349697,577,NA,NA,NA,NA,NA,NA,
140,vector0,NA,NA,1.515152,2500,2.970346,2.333844,0.000000,0.000000,
140,vector1,NA,NA,1.512727,2496,2.970346,2.333844,0.000000,0.000000,
141,cube0,0.286667,473,NA,NA,NA,NA,NA,NA,
141,vector0,NA,NA,1.611515,2659,2.970346,2.333844,0.000000,0.000000,
141,vector1,NA,NA,1.597576,2636,2.970346,2.333844,0.000000,0.000000,
142,cube0,0.344848,569,NA,NA,NA,NA,NA,NA,
142,vector0,NA,NA,1.494545,2466,2.970346,2.333844,0.000000,0.000000,
142,vector1,NA,NA,1.923030,3173,2.970346,2.333844,0.000000,0.000000,
143,cube0,0.290909,480,NA,NA,NA,NA,NA,NA,
143,vector0,NA,NA,1.578182,2604,2.970346,2.333844,0.000000,0.000000,
143,vector1,NA,NA,1.441818,2379,2.970346,2.333844,0.000000,0.000000,
144,cube0,0.369697,610,NA,NA,NA,NA,NA,NA,
144,vector0,NA,NA,1.561818,2577,2.970346,2.333844,0.000000,0.000000,
144,vector1,NA,NA,1.837576,3032,2.970346,2.333844,0.000000,0.000000,
145,cube0,0.323636,534,NA,NA,NA,NA,NA,NA,
145,vector0,NA,NA,1.603636,2646,2.970346,2.333844,0.000000,0.000000,
145,vector1,NA,NA,1.650909,2724,2.970346,2.333844,0.000000,0.000000,
146,cube0,0.347273,573,NA,NA,NA,NA,NA,NA,
146,vector0,NA,NA,1.529091,2523,2.970346,2.333844,0.000000,0.000000,
146,vector1,NA,NA,1.392121,2297,2.970346,2.333844,0.000000,0.000000,
147,cube0,0.340606,562,NA,NA,NA,NA,NA,NA,
147,vector0,NA,NA,1.646061,2716,2.970346,2.333844,0.000000,0.000000,
147,vector1,NA,NA,1.513939,2498,2.970346,2.333844,0.000000,0.000000,
148,cube0,0.330909,546,NA,NA,NA,NA,NA,NA,
148,vector0,NA,NA,1.850909,3054,2.970346,2.333844,0.000000,0.000000,
148,vector1,NA,NA,1.851515,3055,2.970346,2.333844,0.000000,0.000000,
149,cube0,0.350909,579,NA,NA,NA,NA,NA,NA,
149,vector0,NA,NA,1.424242,2350,2.970346,2.333844,0.000000,0.000000,
149,vector1,NA,NA,1.482424,2446,2.970346,2.333844,0.000000,0.000000,
150,cube0,0.329091,543,NA,NA,NA,NA,NA,NA,
150,vector0,NA,NA,1.429091,2358,2.970346,2.333844,0.000000,0.000000,
150,vector1,NA,NA,1.507273,2487,2.970346,2.333844,0.000000,0.000000,
151,cube0,0.372727,615,NA,NA,NA,NA,NA,NA,
151,vector0,NA,NA,1.497576,2471,2.970346,2.333844,0.000000,0.000000,
151,vector1,NA,NA,1.683030,2777,2.970346,2.333844,0.000000,0.000000,
152,cube0,0.304848,503,NA,NA,NA,NA,NA,NA,
152,vector0,NA,NA,1.418182,2340,2.970346,2.333844,0.000000,0.000000,
152,vector1,NA,NA,1.715152,2830,2.970346,2.333844,0.000000,0.000000,
153,cube0,0.309091,510,NA,NA,NA,NA,NA,NA,
153,vector0,NA,NA,1.691515,2791,2.970346,2.333844,0.000000,0.000000,
153,vector1,NA,NA,1.378182,2274,2.970346,2.333844,0.000000,0.000000,
154,cube0,0.320000,528,NA,NA,NA,NA,NA,NA,
154,vector0,NA,NA,1.604242,2647,2.970346,2.333844,0.000000,0.000000,
154,vector1,NA,NA,1.512121,2495,2.970346,2.333844,0.000000,0.000000,
155,cube0,0.349697,577,NA,NA,NA,NA,NA,NA,
155,vector0,NA,NA,1.716970,2833,2.970346,2.333844,0.000000,0.000000,
155,vector1,NA,NA,1.506061,2485,2.970346,2.333844,0.000000,0.000000,
156,cube0,0.340606,562,NA,NA,NA,NA,NA,NA,
156,vector0,NA,NA,1.793333,2959,2.970346,2.333844,0.000000,0.000000,
156,vector1,NA,NA,1.482424,2446,2.970346,2.333844,0.000000,0.000000,
157,cube0,0.304242,502,NA,NA,NA,NA,NA,NA,
157,vector0,NA,NA,1.787273,2949,2.970346,2.333844,0.000000,0.000000,
157,vector1,NA,NA,1.579394,2606,2.970346,2.333844,0.000000,0.000000,
158,cube0,0.361212,596,NA,NA,NA,NA,NA,NA,
158,vector0,NA,NA,1.567879,2587,2.970346,2.333844,0.000000,0.000000,
158,vector1,NA,NA,1.446667,2387,2.970346,2.333844,0.000000,0.000000,
159,cube0,0.351515,580,NA,NA,NA,NA,NA,NA,
159,vector0,NA,NA,1.766667,2915,2.970346,2.333844,0.000000,0.000000,
159,vector1,NA,NA,1.692121,2792,2.970346,2.333844,0.000000,0.000000,
160,cube0,0.347879,574,NA,NA,NA,NA,NA,NA,
160,vector0,NA,NA,1.392727,2298,2.970346,2.333844,0.000000,0.000000,
160,vector1,NA,NA,1.825455,3012,2.970346,2.333844,0.000000,0.000000,
161,cube0,0.290303,479,NA,NA,NA,NA,NA,NA,
161,vector0,NA,NA,1.571515,2593,2.970346,2.333844,0.000000,0.000000,
161,vector1,NA,NA,1.840000,3036,2.970346,2.333844,0.000000,0.000000,
162,cube0,0.345455,570,NA,NA,NA,NA,NA,NA,
162,vector0,NA,NA,1.854545,3060,2.970346,2.333844,0.000000,0.000000,
162,vector1,NA,NA,1.681212,2774,2.970346,2.333844,0.000000,0.000000,
163,cube0,0.293333,484,NA,NA,NA,NA,NA,NA,
163,vector0,NA,NA,1.593939,2630,2.970346,2.333844,0.000000,0.000000,
163,vector1,NA,NA,1.570909,2592,2.970346,2.333844,0.000000,0.000000,
164,cube0,0.369091,609,NA,NA,NA,NA,NA,NA,
164,vector0,NA,NA,1.531515,2527,2.970346,2.333844,0.000000,0.000000,
164,vector1,NA,NA,1.518182,2505,2.970346,2.333844,0.000000,0.000000,
165,cube0,0.323636,534,NA,NA,NA,NA,NA,NA,
165,vector0,NA,NA,1.688485,2786,2.970346,2.333844,0.000000,0.000000,
165,vector1,NA,NA,1.545455,2550,2.970346,2.333844,0.000000,0.000000,
166,cube0,0.313939,518,NA,NA,NA,NA,NA,NA,
166,vector0,NA,NA,1.379394,2276,2.970346,2.333844,0.000000,0.000000,
166,vector1,NA,NA,1.504848,2483,2.970346,2.333844,0.000000,0.000000,
167,cube0,0.340606,562,NA,NA,NA,NA,NA,NA,
167,vector0,NA,NA,1.626061,2683,2.970346,2.333844,0.000000,0.000000,
167,vector1,NA,NA,1.660000,2739,2.970346,2.333844,0.000000,0.000000,
168,cube0,0.319394,527,NA,NA,NA,NA,NA,NA,
168,vector0,NA,NA,1.849091,3051,2.970346,2.333844,0.000000,0.000000,
168,vector1,NA,NA,1.541818,2544,2.970346,2.333844,0.000000,0.000000,
169,cube0,0.349091,576,NA,NA,NA,NA,NA,NA,
169,vector0,NA,NA,1.623030,2678,2.970346,2.333844,0.000000,0.000000,
169,vector1,NA,NA,1.635758,2699,2.970346,2.333844,0.000000,0.000000,
170,cube0,0.335758,554,NA,NA,NA,NA,NA,NA,
170,vector0,NA,NA,1.456970,2404,2.970346,2.333844,0.000000,0.000000,
170,vector1,NA,NA,1.563030,2579,2.970346,2.333844,0.000000,0.000000,
171,cube0,0.374545,618,NA,NA,NA,NA,NA,NA,
171,vector0,NA,NA,1.580606,2608,2.970346,2.333844,0.000000,0.000000,
171,vector1,NA,NA,1.767879,2917,2.970346,2.333844,0.000000,0.000000,
172,cube0,0.307273,507,NA,NA,NA,NA,NA,NA,
172,vector0,NA,NA,1.612727,2661,2.970346,2.333844,0.000000,0.000000,
172,vector1,NA,NA,1.565455,2583,2.970346,2.333844,0.000000,0.000000,
173,cube0,0.309091,510,NA,NA,NA,NA,NA,NA,
173,vector0,NA,NA,1.610909,2658,2.970346,2.333844,0.000000,0.000000,
173,vector1,NA,NA,1.620606,2674,2.970346,2.333844,0.000000,0.000000,
174,cube0,0.318182,525,NA,NA,NA,NA,NA,NA,
174,vector0,NA,NA,1.582424,2611,2.970346,2.333844,0.000000,0.000000,
174,vector1,NA,NA,1.518788,2506,2.970346,2.333844,0.000000,0.000000,
175,cube0,0.349697,577,NA,NA,NA,NA,NA,NA,
175,vector0,NA,NA,1.745455,2880,2.970346,2.333844,0.000000,0.000000,
175,vector1,NA,NA,1.578788,2605,2.970346,2.333844,0.000000,0.000000,
176,cube0,0.340000,561,NA,NA,NA,NA,NA,NA,
176,vector0,NA,NA,1.995758,3293,2.970346,2.333844,0.000000,0.000000,
176,vector1,NA,NA,1.903030,3140,2.970346,2.333844,0.000000,0.000000,
177,cube0,0.306061,505,NA,NA,NA,NA,NA,NA,
177,vector0,NA,NA,1.547879,2554,2.970346,2.333844,0.000000,0.000000,
177,vector1,NA,NA,1.568485,2588,2.970346,2.333844,0.000000,0.000000,
178,cube0,0.360606,595,NA,NA,NA,NA,NA,NA,
178,vector0,NA,NA,1.518788,2506,2.970346,2.333844,0.000000,0.000000,
178,vector1,NA,NA,1.453333,2398,2.970346,2.333844,0.000000,0.000000,
179,cube0,0.349091,576,NA,NA,NA,NA,NA,NA,
179,vector0,NA,NA,1.709091,2820,2.970346,2.333844,0.000000,0.000000,
179,vector1,NA,NA,1.570909,2592,2.970346,2.333844,0.000000,0.000000,
180,cube0,0.345455,570,NA,NA,NA,NA,NA,NA,
180,vector0,NA,NA,1.539394,2540,2.970346,2.333844,0.000000,0.000000,
180,vector1,NA,NA,1.521212,2510,2.970346,2.333844,0.000000,0.000000,
181,cube0,0.293939,485,NA,NA,NA,NA,NA,NA,
181,vector0,NA,NA,1.673333,2761,2.970346,2.333844,0.000000,0.000000,
181,vector1,NA,NA,1.735152,2863,2.970346,2.333844,0.000000,0.000000,
182,cube0,0.346667,572,NA,NA,NA,NA,NA,NA,
182,vector0,NA,NA,2.026061,3343,2.970346,2.333844,0.000000,0.000000,
182,vector1,NA,NA,1.364242,2251,2.970346,2.333844,0.000000,0.000000,
183,cube0,0.292121,482,NA,NA,NA,NA,NA,NA,
183,vector0,NA,NA,1.373939,2267,2.970346,2.333844,0.000000,0.000000,
183,vector1,NA,NA,1.381212,2279,2.970346,2.333844,0.000000,0.000000,
184,cube0,0.369091,609,NA,NA,NA,NA,NA,NA,
184,vector0,NA,NA,1.504848,2483,2.970346,2.333844,0.000000,0.000000,
184,vector1,NA,NA,1.568485,2588,2.970346,2.333844,0.000000,0.000000,
185,cube0,0.323636,534,NA,NA,NA,NA,NA,NA,
185,vector0,NA,NA,1.806667,2981,2.970346,2.333844,0.000000,0.000000,
185,vector1,NA,NA,1.643636,2712,2.970346,2.333844,0.000000,0.000000,
186,cube0,0.313333,517,NA,NA,NA,NA,NA,NA,
186,vector0,NA,NA,1.445455,2385,2.970346,2.333844,0.000000,0.000000,
186,vector1,NA,NA,1.518182,2505,2.970346,2.333844,0.000000,0.000000,
187,cube0,0.338788,559,NA,NA,NA,NA,NA,NA,
187,vector0,NA,NA,1.603030,2645,2.970346,2.333844,0.000000,0.000000,
187,vector1,NA,NA,1.624242,2680,2.970346,2.333844,0.000000,0.000000,
188,cube0,0.316970,523,NA,NA,NA,NA,NA,NA,
188,vector0,NA,NA,1.486061,2452,2.970346,2.333844,0.000000,0.000000,
188,vector1,NA,NA,1.393939,2300,2.970346,2.333844,0.000000,0.000000,
189,cube0,0.354545,585,NA,NA,NA,NA,NA,NA,
189,vector0,NA,NA,1.612727,2661,2.970346,2.333844,0.000000,0.000000,
189,vector1,NA,NA,1.438182,2373,2.970346,2.333844,0.000000,0.000000,
190,cube0,0.330909,546,NA,NA,NA,NA,NA,NA,
190,vector0,NA,NA,1.523030,2513,2.970346,2.333844,0.000000,0.000000,
190,vector1,NA,NA,1.487273,2454,2.970346,2.333844,0.000000,0.000000,
191,cube0,0.370303,611,NA,NA,NA,NA,NA,NA,
191,vector0,NA,NA,1.655151,2731,2.970346,2.333844,0.000000,0.000000,
191,vector1,NA,NA,1.681212,2774,2.970346,2.333844,0.000000,0.000000,
192,cube0,0.303636,501,NA,NA,NA,NA,NA,NA,
192,vector0,NA,NA,1.627273,2685,2.970346,2.333844,0.000000,0.000000,
192,vector1,NA,NA,1.467273,2421,2.970346,2.333844,0.000000,0.000000,
193,cube0,0.308485,509,NA,NA,NA,NA,NA,NA,
193,vector0,NA,NA,1.736364,2865,2.970346,2.333844,0.000000,0.000000,
193,vector1,NA,NA,1.553333,2563,2.970346,2.333844,0.000000,0.000000,
194,cube0,0.320606,529,NA,NA,NA,NA,NA,NA,
194,vector0,NA,NA,1.425454,2352,2.970346,2.333844,0.000000,0.000000,
194,vector1,NA,NA,1.529697,2524,2.970346,2.333844,0.000000,0.000000,
195,cube0,0.350303,578,NA,NA,NA,NA,NA,NA,
195,vector0,NA,NA,1.667879,2752,2.970346,2.333844,0.000000,0.000000,
195,vector1,NA,NA,1.601212,2642,2.970346,2.333844,0.000000,0.000000,
196,cube0,0.340000,561,NA,NA,NA,NA,NA,NA,
196,vector0,NA,NA,1.641818,2709,2.970346,2.333844,0.000000,0.000000,
196,vector1,NA,NA,1.746061,2881,2.970346,2.333844,0.000000,0.000000,
197,cube0,0.304848,503,NA,NA,NA,NA,NA,NA,
197,vector0,NA,NA,1.824242,3010,2.970346,2.333844,0.000000,0.000000,
197,vector1,NA,NA,1.852121,3056,2.970346,2.333844,0.000000,0.000000,
198,cube0,0.361818,597,NA,NA,NA,NA,NA,NA,
198,vector0,NA,NA,1.463636,2415,2.970346,2.333844,0.000000,0.000000,
198,vector1,NA,NA,1.478182,2439,2.970346,2.333844,0.000000,0.000000,
199,cube0,0.349091,576,NA,NA,NA,NA,NA,NA,
199,vector0,NA,NA,1.649091,2721,2.970346,2.333844,0.000000,0.000000,
199,vector1,NA,NA,1.655758,2732,2.970346,2.333844,0.000000,0.000000,
200,cube0,0.350303,578,NA,NA,NA,NA,NA,NA,
200,vector0,NA,NA,1.493939,2465,2.970346,2.333844,0.000000,0.000000,
200,vector1,NA,NA,1.538788,2539,2.970346,2.333844,0.000000,0.000000,
201,cube0,0.290909,480,NA,NA,NA,NA,NA,NA,
201,vector0,NA,NA,1.641212,2708,2.970346,2.333844,0.000000,0.000000,
201,vector1,NA,NA,1.717576,2834,2.970346,2.333844,0.000000,0.000000,
202,cube0,0.353333,583,NA,NA,NA,NA,NA,NA,
202,vector0,NA,NA,1.541212,2543,2.970346,2.333844,0.000000,0.000000,
202,vector1,NA,NA,1.537576,2537,2.970346,2.333844,0.000000,0.000000,
203,cube0,0.293939,485,NA,NA,NA,NA,NA,NA,
203,vector0,NA,NA,1.523030,2513,2.970346,2.333844,0.000000,0.000000,
203,vector1,NA,NA,1.488485,2456,2.970346,2.333844,0.000000,0.000000,
204,cube0,0.367879,607,NA,NA,NA,NA,NA,NA,
204,vector0,NA,NA,1.602424,2644,2.970346,2.333844,0.000000,0.000000,
204,vector1,NA,NA,1.513333,2497,2.970346,2.333844,0.000000,0.000000,
205,cube0,0.325455,537,NA,NA,NA,NA,NA,NA,
205,vector0,NA,NA,1.678788,2770,2.970346,2.333844,0.000000,0.000000,
205,vector1,NA,NA,1.607273,2652,2.970346,2.333844,0.000000,0.000000,
206,cube0,0.310303,512,NA,NA,NA,NA,NA,NA,
206,vector0,NA,NA,1.522424,2512,2.970346,2.333844,0.000000,0.000000,
206,vector1,NA,NA,1.523636,2514,2.970346,2.333844,0.000000,0.000000,
207,cube0,0.339394,560,NA,NA,NA,NA,NA,NA,
207,vector0,NA,NA,1.621818,2676,2.970346,2.333844,0.000000,0.000000,
207,vector1,NA,NA,1.575758,2600,2.970346,2.333844,0.000000,0.000000,
208,cube0,0.313333,517,NA,NA,NA,NA,NA,NA,
208,vector0,NA,NA,1.524848,2516,2.970346,2.333844,0.000000,0.000000,
208,vector1,NA,NA,1.687879,2785,2.970346,2.333844,0.000000,0.000000,
209,cube0,0.350909,579,NA,NA,NA,NA,NA,NA,
209,vector0,NA,NA,1.805454,2979,2.970346,2.333844,0.000000,0.000000,
209,vector1,NA,NA,1.781212,2939,2.970346,2.333844,0.000000,0.000000,
210,cube0,0.329091,543,NA,NA,NA,NA,NA,NA,
210,vector0,NA,NA,1.516970,2503,2.970346,2.333844,0.000000,0.000000,
210,vector1,NA,NA,1.520606,2509,2.970346,2.333844,0.000000,0.000000,
211,cube0,0.372121,614,NA,NA,NA,NA,NA,NA,
211,vector0,NA,NA,1.641212,2708,2.970346,2.333844,0.000000,0.000000,
211,vector1,NA,NA,1.780606,2938,2.970346,2.333844,0.000000,0.000000,
212,cube0,0.306667,506,NA,NA,NA,NA,NA,NA,
212,vector0,NA,NA,1.499394,2474,2.970346,2.333844,0.000000,0.000000,
212,vector1,NA,NA,1.700606,2806,2.970346,2.333844,0.000000,0.000000,
213,cube0,0.310909,513,NA,NA,NA,NA,NA,NA,
213,vector0,NA,NA,1.626667,2684,2.970346,2.333844,0.000000,0.000000,
213,vector1,NA,NA,1.737576,2867,2.970346,2.333844,0.000000,0.000000,
214,cube0,0.320000,528,NA,NA,NA,NA,NA,NA,
214,vector0,NA,NA,1.961818,3237,2.970346,2.333844,0.000000,0.000000,
214,vector1,NA,NA,1.538182,2538,2.970346,2.333844,0.000000,0.000000,
215,cube0,0.348485,575,NA,NA,NA,NA,NA,NA,
215,vector0,NA,NA,1.476970,2437,2.970346,2.333844,0.000000,0.000000,
215,vector1,NA,NA,1.632727,2694,2.970346,2.333844,0.000000,0.000000,
216,cube0,0.338182,558,NA,NA,NA,NA,NA,NA,
216,vector0,NA,NA,1.912727,3156,2.970346,2.333844,0.000000,0.000000,
216,vector1,NA,NA,1.909091,3150,2.970346,2.333844,0.000000,0.000000,
217,cube0,0.306061,505,NA,NA,NA,NA,NA,NA,
217,vector0,NA,NA,1.423030,2348,2.970346,2.333844,0.000000,0.000000,
217,vector1,NA,NA,1.561818,2577,2.970346,2.333844,0.000000,0.000000,
218,cube0,0.359394,593,NA,NA,NA,NA,NA,NA,
218,vector0,NA,NA,1.596970,2635,2.970346,2.333844,0.000000,0.000000,
218,vector1,NA,NA,1.463636,2415,2.970346,2.333844,0.000000,0.000000,
219,cube0,0.350303,578,NA,NA,NA,NA,NA,NA,
219,vector0,NA,NA,1.684848,2780,2.970346,2.333844,0.000000,0.000000,
219,vector1,NA,NA,1.596364,2634,2.970346,2.333844,0.000000,0.000000,
220,cube0,0.351515,580,NA,NA,NA,NA,NA,NA,
220,vector0,NA,NA,1.376970,2272,2.970346,2.333844,0.000000,0.000000,
220,vector1,NA,NA,1.549697,2557,2.970346,2.333844,0.000000,0.000000,
221,cube0,0.289697,478,NA,NA,NA,NA,NA,NA,
221,vector0,NA,NA,1.594545,2631,2.970346,2.333844,0.000000,0.000000,
221,vector1,NA,NA,1.755152,2896,2.970346,2.333844,0.000000,0.000000,
222,cube0,0.343030,566,NA,NA,NA,NA,NA,NA,
222,vector0,NA,NA,1.532727,2529,2.970346,2.333844,0.000000,0.000000,
222,vector1,NA,NA,1.401818,2313,2.970346,2.333844,0.000000,0.000000,
223,cube0,0.291515,481,NA,NA,NA,NA,NA,NA,
223,vector0,NA,NA,1.638182,2703,2.970346,2.333844,0.000000,0.000000,
223,vector1,NA,NA,1.456364,2403,2.970346,2.333844,0.000000,0.000000,
224,cube0,0.367879,607,NA,NA,NA,NA,NA,NA,
224,vector0,NA,NA,1.464849,2417,2.970346,2.333844,0.000000,0.000000,
224,vector1,NA,NA,1.580606,2608,2.970346,2.333844,0.000000,0.000000,
225,cube0,0.321818,531,NA,NA,NA,NA,NA,NA,
225,vector0,NA,NA,1.665455,2748,2.970346,2.333844,0.000000,0.000000,
225,vector1,NA,NA,1.664242,2746,2.970346,2.333844,0.000000,0.000000,
226,cube0,0.312727,516,NA,NA,NA,NA,NA,NA,
226,vector0,NA,NA,1.551515,2560,2.970346,2.333844,0.000000,0.000000,
226,vector1,NA,NA,1.539394,2540,2.970346,2.333844,0.000000,0.000000,
227,cube0,0.340000,561,NA,NA,NA,NA,NA,NA,
227,vector0,NA,NA,1.635152,2698,2.970346,2.333844,0.000000,0.000000,
227,vector1,NA,NA,1.597576,2636,2.970346,2.333844,0.000000,0.000000,
228,cube0,0.316364,522,NA,NA,NA,NA,NA,NA,
228,vector0,NA,NA,1.469091,2424,2.970346,2.333844,0.000000,0.000000,
228,vector1,NA,NA,1.404848,2318,2.970346,2.333844,0.000000,0.000000,
229,cube0,0.350909,579,NA,NA,NA,NA,NA,NA,
229,vector0,NA,NA,1.741212,2873,2.970346,2.333844,0.000000,0.000000,
229,vector1,NA,NA,1.666667,2750,2.970346,2.333844,0.000000,0.000000,
230,cube0,0.329697,544,NA,NA,NA,NA,NA,NA,
230,vector0,NA,NA,1.560000,2574,2.970346,2.333844,0.000000,0.000000,
230,vector1,NA,NA,1.521212,2510,2.970346,2.333844,0.000000,0.000000,
231,cube0,0.373333,616,NA,NA,NA,NA,NA,NA,
231,vector0,NA,NA,1.627879,2686,2.970346,2.333844,0.000000,0.000000,
231,vector1,NA,NA,1.598788,2638,2.970346,2.333844,0.000000,0.000000,
232,cube0,0.302424,499,NA,NA,NA,NA,NA,NA,
232,vector0,NA,NA,1.532727,2529,2.970346,2.333844,0.000000,0.000000,
232,vector1,NA,NA,1.761818,2907,2.970346,2.333844,0.000000,0.000000,
233,cube0,0.309091,510,NA,NA,NA,NA,NA,NA,
233,vector0,NA,NA,1.606061,2650,2.970346,2.333844,0.000000,0.000000,
233,vector1,NA,NA,1.688485,2786,2.970346,2.333844,0.000000,0.000000,
234,cube0,0.319394,527,NA,NA,NA,NA,NA,NA,
234,vector0,NA,NA,1.527879,2521,2.970346,2.333844,0.000000,0.000000,
234,vector1,NA,NA,1.547273,2553,2.970346,2.333844,0.000000,0.000000,
235,cube0,0.350303,578,NA,NA,NA,NA,NA,NA,
235,vector0,NA,NA,1.636364,2700,2.970346,2.333844,0.000000,0.000000,
235,vector1,NA,NA,1.564849,2582,2.970346,2.333844,0.000000,0.000000,
236,cube0,0.340606,562,NA,NA,NA,NA,NA,NA,
236,vector0,NA,NA,1.667879,2752,2.970346,2.333844,0.000000,0.000000,
236,vector1,NA,NA,1.535151,2533,2.970346,2.333844,0.000000,0.000000,
237,cube0,0.309091,510,NA,NA,NA,NA,NA,NA,
237,vector0,NA,NA,1.660000,2739,2.970346,2.333844,0.000000,0.000000,
237,vector1,NA,NA,1.607879,2653,2.970346,2.333844,0.000000,0.000000,
238,cube0,0.373333,616,NA,NA,NA,NA,NA,NA,
238,vector0,NA,NA,1.548485,2555,2.970346,2.333844,0.000000,0.000000,
238,vector1,NA,NA,1.589091,2622,2.970346,2.333844,0.000000,0.000000,
239,cube0,0.353333,583,NA,NA,NA,NA,NA,NA,
239,vector0,NA,NA,1.721212,2840,2.970346,2.333844,0.000000,0.000000,
239,vector1,NA,NA,1.720000,2838,2.970346,2.333844,0.000000,0.000000,
240,cube0,0.352727,582,NA,NA,NA,NA,NA,NA,
240,vector0,NA,NA,1.582424,2611,2.970346,2.333844,0.000000,0.000000,
240,vector1,NA,NA,1.415151,2335,2.970346,2.333844,0.000000,0.000000,
241,cube0,0.289697,478,NA,NA,NA,NA,NA,NA,
241,vector0,NA,NA,1.615152,2665,2.970346,2.333844,0.000000,0.000000,
241,vector1,NA,NA,1.507879,2488,2.970346,2.333844,0.000000,0.000000,
242,cube0,0.356364,588,NA,NA,NA,NA,NA,NA,
242,vector0,NA,NA,1.648485,2720,2.970346,2.333844,0.000000,0.000000,
242,vector1,NA,NA,1.570909,2592,2.970346,2.333844,0.000000,0.000000,
243,cube0,0.295758,488,NA,NA,NA,NA,NA,NA,
243,vector0,NA,NA,1.742424,2875,2.970346,2.333844,0.000000,0.000000,
243,vector1,NA,NA,1.679394,2771,2.970346,2.333844,0.000000,0.000000,
244,cube0,0.365455,603,NA,NA,NA,NA,NA,NA,
244,vector0,NA,NA,1.789091,2952,2.970346,2.333844,0.000000,0.000000,
244,vector1,NA,NA,1.838788,3034,2.970346,2.333844,0.000000,0.000000,
245,cube0,0.323636,534,NA,NA,NA,NA,NA,NA,
245,vector0,NA,NA,1.404242,2317,2.970346,2.333844,0.000000,0.000000,
245,vector1,NA,NA,1.494545,2466,2.970346,2.333844,0.000000,0.000000,
246,cube0,0.311515,514,NA,NA,NA,NA,NA,NA,
246,vector0,NA,NA,1.564242,2581,2.970346,2.333844,0.000000,0.000000,
246,vector1,NA,NA,1.749697,2887,2.970346,2.333844,0.000000,0.000000,
247,cube0,0.342424,565,NA,NA,NA,NA,NA,NA,
247,vector0,NA,NA,1.638788,2704,2.970346,2.333844,0.000000,0.000000,
247,vector1,NA,NA,1.483030,2447,2.970346,2.333844,0.000000,0.000000,
248,cube0,0.315758,521,NA,NA,NA,NA,NA,NA,
248,vector0,NA,NA,1.519394,2507,2.970346,2.333844,0.000000,0.000000,
248,vector1,NA,NA,1.512727,2496,2.970346,2.333844,0.000000,0.000000,
249,cube0,0.352121,581,NA,NA,NA,NA,NA,NA,
249,vector0,NA,NA,1.790909,2955,2.970346,2.333844,0.000000,0.000000,
249,vector1,NA,NA,1.653333,2728,2.970346,2.333844,0.000000,0.000000,
250,cube0,0.329091,543,NA,NA,NA,NA,NA,NA,
250,vector0,NA,NA,1.548485,2555,2.970346,2.333844,0.000000,0.000000,
250,vector1,NA,NA,1.429697,2359,2.970346,2.333844,0.000000,0.000000,
251,cube0,0.373939,617,NA,NA,NA,NA,NA,NA,
251,vector0,NA,NA,1.689697,2788,2.970346,2.333844,0.000000,0.000000,
251,vector1,NA,NA,1.692727,2793,2.970346,2.333844,0.000000,0.000000,
252,cube0,0.305455,504,NA,NA,NA,NA,NA,NA,
252,vector0,NA,NA,1.481212,2444,2.970346,2.333844,0.000000,0.000000,
252,vector1,NA,NA,1.754545,2895,2.970346,2.333844,0.000000,0.000000,
253,cube0,0.309091,510,NA,NA,NA,NA,NA,NA,
253,vector0,NA,NA,1.523030,2513,2.970346,2.333844,0.000000,0.000000,
253,vector1,NA,NA,1.562424,2578,2.970346,2.333844,0.000000,0.000000,
254,cube0,0.321212,530,NA,NA,NA,NA,NA,NA,
254,vector0,NA,NA,1.540606,2542,2.970346,2.333844,0.000000,0.000000,
254,vector1,NA,NA,1.512121,2495,2.970346,2.333844,0.000000,0.000000,
255,cube0,0.348485,575,NA,NA,NA,NA,NA,NA,
255,vector0,NA,NA,1.701212,2807,2.970346,2.333844,0.000000,0.000000,
255,vector1,NA,NA,1.578182,2604,2.970346,2.333844,0.000000,0.000000,
256,cube0,0.340000,561,NA,NA,NA,NA,NA,NA,
256,vector0,NA,NA,1.693939,2795,2.970346,2.333844,0.000000,0.000000,
256,vector1,NA,NA,1.545455,2550,2.970346,2.333844,0.000000,0.000000,
257,cube0,0.305455,504,NA,NA,NA,NA,NA,NA,
257,vector0,NA,NA,1.626667,2684,2.970346,2.333844,0.000000,0.000000,
257,vector1,NA,NA,1.730909,2856,2.970346,2.333844,0.000000,0.000000,
258,cube0,0.366061,604,NA,NA,NA,NA,NA,NA,
258,vector0,NA,NA,1.533333,2530,2.970346,2.333844,0.000000,0.000000,
258,vector1,NA,NA,1.555758,2567,2.970346,2.333844,0.000000,0.000000,
259,cube0,0.358182,591,NA,NA,NA,NA,NA,NA,
259,vector0,NA,NA,1.743030,2876,2.970346,2.333844,0.000000,0.000000,
259,vector1,NA,NA,1.727273,2850,2.970346,2.333844,0.000000,0.000000,
260,cube0,0.375758,620,NA,NA,NA,NA,NA,NA,
260,vector0,NA,NA,1.553939,2564,2.970346,2.333844,0.000000,0.000000,
260,vector1,NA,NA,1.543636,2547,2.970346,2.333844,0.000000,0.000000,
261,cube0,0.289697,478,NA,NA,NA,NA,NA,NA,
261,vector0,NA,NA,1.715758,2831,2.970346,2.333844,0.000000,0.000000,
261,vector1,NA,NA,1.675758,2765,2.970346,2.333844,0.000000,0.000000,
262,cube0,0.347879,574,NA,NA,NA,NA,NA,NA,
262,vector0,NA,NA,1.441212,2378,2.970346,2.333844,0.000000,0.000000,
262,vector1,NA,NA,1.942424,3205,2.970346,2.333844,0.000000,0.000000,
263,cube0,0.290909,480,NA,NA,NA,NA,NA,NA,
263,vector0,NA,NA,1.560606,2575,2.970346,2.333844,0.000000,0.000000,
263,vector1,NA,NA,1.612121,2660,2.970346,2.333844,0.000000,0.000000,
264,cube0,0.366667,605,NA,NA,NA,NA,NA,NA,
264,vector0,NA,NA,1.545455,2550,2.970346,2.333844,0.000000,0.000000,
264,vector1,NA,NA,1.848485,3050,2.970346,2.333844,0.000000,0.000000,
265,cube0,0.321818,531,NA,NA,NA,NA,NA,NA,
265,vector0,NA,NA,1.643030,2711,2.970346,2.333844,0.000000,0.000000,
265,vector1,NA,NA,1.544242,2548,2.970346,2.333844,0.000000,0.000000,
266,cube0,0.310909,513,NA,NA,NA,NA,NA,NA,
266,vector0,NA,NA,1.844242,3043,2.970346,2.333844,0.000000,0.000000,
266,vector1,NA,NA,1.841212,3038,2.970346,2.333844,0.000000,0.000000,
267,cube0,0.339394,560,NA,NA,NA,NA,NA,NA,
267,vector0,NA,NA,1.565455,2583,2.970346,2.333844,0.000000,0.000000,
267,vector1,NA,NA,1.520000,2508,2.970346,2.333844,0.000000,0.000000,
268,cube0,0.315758,521,NA,NA,NA,NA,NA,NA,
268,vector0,NA,NA,1.371515,2263,2.970346,2.333844,0.000000,0.000000,
268,vector1,NA,NA,1.507273,2487,2.970346,2.333844,0.000000,0.000000,
269,cube0,0.352121,581,NA,NA,NA,NA,NA,NA,
269,vector0,NA,NA,1.515758,2501,2.970346,2.333844,0.000000,0.000000,
269,vector1,NA,NA,1.538788,2539,2.970346,2.333844,0.000000,0.000000,
270,cube0,0.333333,550,NA,NA,NA,NA,NA,NA,
270,vector0,NA,NA,1.540606,2542,2.970346,2.333844,0.000000,0.000000,
270,vector1,NA,NA,1.819394,3002,2.970346,2.333844,0.000000,0.000000,
271,cube0,0.370909,612,NA,NA,NA,NA,NA,NA,
271,vector0,NA,NA,1.732727,2859,2.970346,2.333844,0.000000,0.000000,
271,vector1,NA,NA,1.566667,2585,2.970346,2.333844,0.000000,0.000000,
272,cube0,0.307273,507,NA,NA,NA,NA,NA,NA,
272,vector0,NA,NA,1.460000,2409,2.970346,2.333844,0.000000,0.000000,
272,vector1,NA,NA,1.670909,2757,2.970346,2.333844,0.000000,0.000000,
273,cube0,0.309091,510,NA,NA,NA,NA,NA,NA,
273,vector0,NA,NA,1.603030,2645,2.970346,2.333844,0.000000,0.000000,
273,vector1,NA,NA,1.721818,2841,2.970346,2.333844,0.000000,0.000000,
274,cube0,0.320606,529,NA,NA,NA,NA,NA,NA,
274,vector0,NA,NA,1.557576,2570,2.970346,2.333844,0.000000,0.000000,
274,vector1,NA,NA,1.517576,2504,2.970346,2.333844,0.000000,0.000000,
275,cube0,0.355152,586,NA,NA,NA,NA,NA,NA,
275,vector0,NA,NA,1.632121,2693,2.970346,2.333844,0.000000,0.000000,
275,vector1,NA,NA,1.646061,2716,2.970346,2.333844,0.000000,0.000000,
276,cube0,0.337576,557,NA,NA,NA,NA,NA,NA,
276,vector0,NA,NA,1.903636,3141,2.970346,2.333844,0.000000,0.000000,
276,vector1,NA,NA,1.499394,2474,2.970346,2.333844,0.000000,0.000000,
277,cube0,0.306061,505,NA,NA,NA,NA,NA,NA,
277,vector0,NA,NA,1.528485,2522,2.970346,2.333844,0.000000,0.000000,
277,vector1,NA,NA,1.506667,2486,2.970346,2.333844,0.000000,0.000000,
278,cube0,0.359394,593,NA,NA,NA,NA,NA,NA,
278,vector0,NA,NA,1.515758,2501,2.970346,2.333844,0.000000,0.000000,
278,vector1,NA,NA,1.385455,2286,2.970346,2.333844,0.000000,0.000000,
279,cube0,0.350303,578,NA,NA,NA,NA,NA,NA,
279,vector0,NA,NA,1.551515,2560,2.970346,2.333844,0.000000,0.000000,
279,vector1,NA,NA,1.543030,2546,2.970346,2.333844,0.000000,0.000000,
280,cube0,0.351515,580,NA,NA,NA,NA,NA,NA,
280,vector0,NA,NA,1.543030,2546,2.970346,2.333844,0.000000,0.000000,
280,vector1,NA,NA,1.584849,2615,2.970346,2.333844,0.000000,0.000000,
281,cube0,0.292727,483,NA,NA,NA,NA,NA,NA,
281,vector0,NA,NA,1.646061,2716,2.970346,2.333844,0.000000,0.000000,
281,vector1,NA,NA,1.610909,2658,2.970346,2.333844,0.000000,0.000000,
282,cube0,0.343636,567,NA,NA,NA,NA,NA,NA,
282,vector0,NA,NA,1.581818,2610,2.970346,2.333844,0.000000,0.000000,
282,vector1,NA,NA,1.569091,2589,2.970346,2.333844,0.000000,0.000000,
283,cube0,0.296970,490,NA,NA,NA,NA,NA,NA,
283,vector0,NA,NA,1.829091,3018,2.970346,2.333844,0.000000,0.000000,
283,vector1,NA,NA,1.666061,2749,2.970346,2.333844,0.000000,0.000000,
284,cube0,0.368485,608,NA,NA,NA,NA,NA,NA,
284,vector0,NA,NA,1.701212,2807,2.970346,2.333844,0.000000,0.000000,
284,vector1,NA,NA,1.844242,3043,2.970346,2.333844,0.000000,0.000000,
285,cube0,0.322424,532,NA,NA,NA,NA,NA,NA,
285,vector0,NA,NA,1.411515,2329,2.970346,2.333844,0.000000,0.000000,
285,vector1,NA,NA,1.536970,2536,2.970346,2.333844,0.000000,0.000000,
286,cube0,0.315152,520,NA,NA,NA,NA,NA,NA,
286,vector0,NA,NA,1.928485,3182,2.970346,2.333844,0.000000,0.000000,
286,vector1,NA,NA,1.855152,3061,2.970346,2.333844,0.000000,0.000000,
287,cube0,0.338788,559,NA,NA,NA,NA,NA,NA,
287,vector0,NA,NA,1.547879,2554,2.970346,2.333844,0.000000,0.000000,
287,vector1,NA,NA,1.453939,2399,2.970346,2.333844,0.000000,0.000000,
288,cube0,0.315152,520,NA,NA,NA,NA,NA,NA,
288,vector0,NA,NA,1.470909,2427,2.970346,2.333844,0.000000,0.000000,
288,vector1,NA,NA,1.527273,2520,2.970346,2.333844,0.000000,0.000000,
289,cube0,0.350909,579,NA,NA,NA,NA,NA,NA,
289,vector0,NA,NA,1.632121,2693,2.970346,2.333844,0.000000,0.000000,
289,vector1,NA,NA,1.665455,2748,2.970346,2.333844,0.000000,0.000000,
290,cube0,0.328485,542,NA,NA,NA,NA,NA,NA,
290,vector0,NA,NA,1.516970,2503,2.970346,2.333844,0.000000,0.000000,
290,vector1,NA,NA,1.821212,3005,2.970346,2.333844,0.000000,0.000000,
291,cube0,0.370909,612,NA,NA,NA,NA,NA,NA,
291,vector0,NA,NA,1.675151,2764,2.970346,2.333844,0.000000,0.000000,
291,vector1,NA,NA,1.528485,2522,2.970346,2.333844,0.000000,0.000000,
292,cube0,0.306061,505,NA,NA,NA,NA,NA,NA,
292,vector0,NA,NA,1.422424,2347,2.970346,2.333844,0.000000,0.000000,
292,vector1,NA,NA,1.748485,2885,2.970346,2.333844,0.000000,0.000000,
293,cube0,0.309091,510,NA,NA,NA,NA,NA,NA,
293,vector0,NA,NA,1.365455,2253,2.970346,2.333844,0.000000,0.000000,
293,vector1,NA,NA,1.716364,2832,2.970346,2.333844,0.000000,0.000000,
294,cube0,0.320606,529,NA,NA,NA,NA,NA,NA,
294,vector0,NA,NA,1.496364,2469,2.970346,2.333844,0.000000,0.000000,
294,vector1,NA,NA,1.475758,2435,2.970346,2.333844,0.000000,0.000000,
295,cube0,0.350909,579,NA,NA,NA,NA,NA,NA,
295,vector0,NA,NA,1.657576,2735,2.970346,2.333844,0.000000,0.000000,
295,vector1,NA,NA,1.510909,2493,2.970346,2.333844,0.000000,0.000000,
296,cube0,0.341212,563,NA,NA,NA,NA,NA,NA,
296,vector0,NA,NA,1.621212,2675,2.970346,2.333844,0.000000,0.000000,
296,vector1,NA,NA,1.457576,2405,2.970346,2.333844,0.000000,0.000000,
297,cube0,0.307879,508,NA,NA,NA,NA,NA,NA,
297,vector0,NA,NA,1.576364,2601,2.970346,2.333844,0.000000,0.000000,
297,vector1,NA,NA,1.435151,2368,2.970346,2.333844,0.000000,0.000000,
298,cube0,0.362424,598,NA,NA,NA,NA,NA,NA,
298,vector0,NA,NA,1.443030,2381,2.970346,2.333844,0.000000,0.000000,
298,vector1,NA,NA,1.413333,2332,2.970346,2.333844,0.000000,0.000000,
299,cube0,0.354545,585,NA,NA,NA,NA,NA,NA,
299,vector0,NA,NA,1.682424,2776,2.970346,2.333844,0.000000,0.000000,
299,vector1,NA,NA,1.630303,2690,2.970346,2.333844,0.000000,0.000000,
300,cube0,0.347879,574,NA,NA,NA,NA,NA,NA,
300,vector0,NA,NA,1.558182,2571,2.970346,2.333844,0.000000,0.000000,
300,vector1,NA,NA,1.572727,2595,2.970346,2.333844,0.000000,0.000000,
301,cube0,0.294545,486,NA,NA,NA,NA,NA,NA,
301,vector0,NA,NA,1.533333,2530,2.970346,2.333844,0.000000,0.000000,
301,vector1,NA,NA,1.612121,2660,2.970346,2.333844,0.000000,0.000000,
302,cube0,0.347273,573,NA,NA,NA,NA,NA,NA,
302,vector0,NA,NA,1.579394,2606,2.970346,2.333844,0.000000,0.000000,
302,vector1,NA,NA,1.881818,3105,2.970346,2.333844,0.000000,0.000000,
303,cube0,0.295152,487,NA,NA,NA,NA,NA,NA,
303,vector0,NA,NA,1.813939,2993,2.970346,2.333844,0.000000,0.000000,
303,vector1,NA,NA,1.513939,2498,2.970346,2.333844,0.000000,0.000000,
304,cube0,0.365455,603,NA,NA,NA,NA,NA,NA,
304,vector0,NA,NA,1.787273,2949,2.970346,2.333844,0.000000,0.000000,
304,vector1,NA,NA,1.909697,3151,2.970346,2.333844,0.000000,0.000000,
305,cube0,0.321212,530,NA,NA,NA,NA,NA,NA,
305,vector0,NA,NA,1.444242,2383,2.970346,2.333844,0.000000,0.000000,
305,vector1,NA,NA,1.543636,2547,2.970346,2.333844,0.000000,0.000000,
306,cube0,0.312727,516,NA,NA,NA,NA,NA,NA,
306,vector0,NA,NA,1.972121,3254,2.970346,2.333844,0.000000,0.000000,
306,vector1,NA,NA,1.887879,3115,2.970346,2.333844,0.000000,0.000000,
307,cube0,0.340606,562,NA,NA,NA,NA,NA,NA,
307,vector0,NA,NA,1.585455,2616,2.970346,2.333844,0.000000,0.000000,
307,vector1,NA,NA,1.500606,2476,2.970346,2.333844,0.000000,0.000000,
308,cube0,0.315758,521,NA,NA,NA,NA,NA,NA,
308,vector0,NA,NA,1.450303,2393,2.970346,2.333844,0.000000,0.000000,
308,vector1,NA,NA,1.417576,2339,2.970346,2.333844,0.000000,0.000000,
309,cube0,0.361212,596,NA,NA,NA,NA,NA,NA,
309,vector0,NA,NA,1.529697,2524,2.970346,2.333844,0.000000,0.000000,
309,vector1,NA,NA,1.570303,2591,2.970346,2.333844,0.000000,0.000000,
310,cube0,0.330909,546,NA,NA,NA,NA,NA,NA,
310,vector0,NA,NA,1.494545,2466,2.970346,2.333844,0.000000,0.000000,
310,vector1,NA,NA,1.519394,2507,2.970346,2.333844,0.000000,0.000000,
311,cube0,0.372727,615,NA,NA,NA,NA,NA,NA,
311,vector0,NA,NA,1.632727,2694,2.970346,2.333844,0.000000,0.000000,
311,vector1,NA,NA,1.829091,3018,2.970346,2.333844,0.000000,0.000000,
312,cube0,0.307273,507,NA,NA,NA,NA,NA,NA,
312,vector0,NA,NA,1.533333,2530,2.970346,2.333844,0.000000,0.000000,
312,vector1,NA,NA,1.679394,2771,2.970346,2.333844,0.000000,0.000000,
313,cube0,0.309697,511,NA,NA,NA,NA,NA,NA,
313,vector0,NA,NA,1.543636,2547,2.970346,2.333844,0.000000,0.000000,
313,vector1,NA,NA,1.595152,2632,2.970346,2.333844,0.000000,0.000000,
314,cube0,0.318788,526,NA,NA,NA,NA,NA,NA,
314,vector0,NA,NA,1.489697,2458,2.970346,2.333844,0.000000,0.000000,
314,vector1,NA,NA,1.390909,2295,2.970346,2.333844,0.000000,0.000000,
315,cube0,0.352727,582,NA,NA,NA,NA,NA,NA,
315,vector0,NA,NA,1.596970,2635,2.970346,2.333844,0.000000,0.000000,
315,vector1,NA,NA,1.476970,2437,2.970346,2.333844,0.000000,0.000000,
316,cube0,0.344242,568,NA,NA,NA,NA,NA,NA,
316,vector0,NA,NA,1.536364,2535,2.970346,2.333844,0.000000,0.000000,
316,vector1,NA,NA,1.517576,2504,2.970346,2.333844,0.000000,0.000000,
317,cube0,0.306667,506,NA,NA,NA,NA,NA,NA,
317,vector0,NA,NA,1.590909,2625,2.970346,2.333844,0.000000,0.000000,
317,vector1,NA,NA,1.521212,2510,2.970346,2.333844,0.000000,0.000000,
318,cube0,0.363636,600,NA,NA,NA,NA,NA,NA,
318,vector0,NA,NA,1.741818,2874,2.970346,2.333844,0.000000,0.000000,
318,vector1,NA,NA,1.632121,2693,2.970346,2.333844,0.000000,0.000000,
319,cube0,0.349091,576,NA,NA,NA,NA,NA,NA,
319,vector0,NA,NA,1.852727,3057,2.970346,2.333844,0.000000,0.000000,
319,vector1,NA,NA,1.773333,2926,2.970346,2.333844,0.000000,0.000000,
320,cube0,0.350909,579,NA,NA,NA,NA,NA,NA,
320,vector0,NA,NA,1.492727,2463,2.970346,2.333844,0.000000,0.000000,
320,vector1,NA,NA,1.447879,2389,2.970346,2.333844,0.000000,0.000000,
321,cube0,0.287879,475,NA,NA,NA,NA,NA,NA,
321,vector0,NA,NA,1.576970,2602,2.970346,2.333844,0.000000,0.000000,
321,vector1,NA,NA,1.586667,2618,2.970346,2.333844,0.000000,0.000000,
322,cube0,0.343636,567,NA,NA,NA,NA,NA,NA,
322,vector0,NA,NA,1.583636,2613,2.970346,2.333844,0.000000,0.000000,
322,vector1,NA,NA,1.595758,2633,2.970346,2.333844,0.000000,0.000000,
323,cube0,0.291515,481,NA,NA,NA,NA,NA,NA,
323,vector0,NA,NA,1.777576,2933,2.970346,2.333844,0.000000,0.000000,
323,vector1,NA,NA,1.789697,2953,2.970346,2.333844,0.000000,0.000000,
324,cube0,0.366061,604,NA,NA,NA,NA,NA,NA,
324,vector0,NA,NA,1.883030,3107,2.970346,2.333844,0.000000,0.000000,
324,vector1,NA,NA,1.862424,3073,2.970346,2.333844,0.000000,0.000000,
325,cube0,0.323030,533,NA,NA,NA,NA,NA,NA,
325,vector0,NA,NA,1.545455,2550,2.970346,2.333844,0.000000,0.000000,
325,vector1,NA,NA,1.520606,2509,2.970346,2.333844,0.000000,0.000000,
326,cube0,0.312121,515,NA,NA,NA,NA,NA,NA,
326,vector0,NA,NA,1.473333,2431,2.970346,2.333844,0.000000,0.000000,
326,vector1,NA,NA,1.464242,2416,2.970346,2.333844,0.000000,0.000000,
327,cube0,0.340000,561,NA,NA,NA,NA,NA,NA,
327,vector0,NA,NA,1.574546,2598,2.970346,2.333844,0.000000,0.000000,
327,vector1,NA,NA,1.454545,2400,2.970346,2.333844,0.000000,0.000000,
328,cube0,0.317576,524,NA,NA,NA,NA,NA,NA,
328,vector0,NA,NA,1.580000,2607,2.970346,2.333844,0.000000,0.000000,
328,vector1,NA,NA,1.564849,2582,2.970346,2.333844,0.000000,0.000000,
329,cube0,0.351515,580,NA,NA,NA,NA,NA,NA,
329,vector0,NA,NA,1.655151,2731,2.970346,2.333844,0.000000,0.000000,
329,vector1,NA,NA,1.694546,2796,2.970346,2.333844,0.000000,0.000000,
330,cube0,0.327879,541,NA,NA,NA,NA,NA,NA,
330,vector0,NA,NA,1.575152,2599,2.970346,2.333844,0.000000,0.000000,
330,vector1,NA,NA,1.767273,2916,2.970346,2.333844,0.000000,0.000000,
331,cube0,0.372121,614,NA,NA,NA,NA,NA,NA,
331,vector0,NA,NA,1.747273,2883,2.970346,2.333844,0.000000,0.000000,
331,vector1,NA,NA,1.467879,2422,2.970346,2.333844,0.000000,0.000000,
332,cube0,0.307273,507,NA,NA,NA,NA,NA,NA,
332,vector0,NA,NA,1.580606,2608,2.970346,2.333844,0.000000,0.000000,
332,vector1,NA,NA,1.484848,2450,2.970346,2.333844,0.000000,0.000000,
333,cube0,0.309091,510,NA,NA,NA,NA,NA,NA,
333,vector0,NA,NA,1.628485,2687,2.970346,2.333844,0.000000,0.000000,
333,vector1,NA,NA,1.561818,2577,2.970346,2.333844,0.000000,0.000000,
334,cube0,0.318182,525,NA,NA,NA,NA,NA,NA,
334,vector0,NA,NA,1.477576,2438,2.970346,2.333844,0.000000,0.000000,
334,vector1,NA,NA,1.539394,2540,2.970346,2.333844,0.000000,0.000000,
335,cube0,0.348485,575,NA,NA,NA,NA,NA,NA,
335,vector0,NA,NA,1.526061,2518,2.970346,2.333844,0.000000,0.000000,
335,vector1,NA,NA,1.701212,2807,2.970346,2.333844,0.000000,0.000000,
336,cube0,0.340606,562,NA,NA,NA,NA,NA,NA,
336,vector0,NA,NA,1.828485,3017,2.970346,2.333844,0.000000,0.000000,
336,vector1,NA,NA,1.357576,2240,2.970346,2.333844,0.000000,0.000000,
337,cube0,0.306061,505,NA,NA,NA,NA,NA,NA,
337,vector0,NA,NA,1.804848,2978,2.970346,2.333844,0.000000,0.000000,
337,vector1,NA,NA,1.319394,2177,2.970346,2.333844,0.000000,0.000000,
338,cube0,0.363636,600,NA,NA,NA,NA,NA,NA,
338,vector0,NA,NA,1.429091,2358,2.970346,2.333844,0.000000,0.000000,
338,vector1,NA,NA,1.503030,2480,2.970346,2.333844,0.000000,0.000000,
339,cube0,0.353939,584,NA,NA,NA,NA,NA,NA,
339,vector0,NA,NA,1.604242,2647,2.970346,2.333844,0.000000,0.000000,
339,vector1,NA,NA,1.551515,2560,2.970346,2.333844,0.000000,0.000000,
340,cube0,0.348485,575,NA,NA,NA,NA,NA,NA,
340,vector0,NA,NA,1.538182,2538,2.970346,2.333844,0.000000,0.000000,
340,vector1,NA,NA,1.536364,2535,2.970346,2.333844,0.000000,0.000000,
341,cube0,0.290909,480,NA,NA,NA,NA,NA,NA,
341,vector0,NA,NA,1.791515,2956,2.970346,2.333844,0.000000,0.000000,
341,vector1,NA,NA,1.733333,2860,2.970346,2.333844,0.000000,0.000000,
342,cube0,0.345455,570,NA,NA,NA,NA,NA,NA,
342,vector0,NA,NA,1.596364,2634,2.970346,2.333844,0.000000,0.000000,
342,vector1,NA,NA,1.432121,2363,2.970346,2.333844,0.000000,0.000000,
343,cube0,0.292121,482,NA,NA,NA,NA,NA,NA,
343,vector0,NA,NA,1.703636,2811,2.970346,2.333844,0.000000,0.000000,
343,vector1,NA,NA,1.588485,2621,2.970346,2.333844,0.000000,0.000000,
344,cube0,0.364848,602,NA,NA,NA,NA,NA,NA,
344,vector0,NA,NA,1.961818,3237,2.970346,2.333844,0.000000,0.000000,
344,vector1,NA,NA,1.944242,3208,2.970346,2.333844,0.000000,0.000000,
345,cube0,0.321818,531,NA,NA,NA,NA,NA,NA,
345,vector0,NA,NA,1.543636,2547,2.970346,2.333844,0.000000,0.000000,
345,vector1,NA,NA,1.533333,2530,2.970346,2.333844,0.000000,0.000000,
346,cube0,0.313333,517,NA,NA,NA,NA,NA,NA,
346,vector0,NA,NA,1.400606,2311,2.970346,2.333844,0.000000,0.000000,
346,vector1,NA,NA,1.529697,2524,2.970346,2.333844,0.000000,0.000000,
347,cube0,0.343636,567,NA,NA,NA,NA,NA,NA,
347,vector0,NA,NA,1.522424,2512,2.970346,2.333844,0.000000,0.000000,
347,vector1,NA,NA,1.540606,2542,2.970346,2.333844,0.000000,0.000000,
348,cube0,0.316364,522,NA,NA,NA,NA,NA,NA,
348,vector0,NA,NA,1.465455,2418,2.970346,2.333844,0.000000,0.000000,
348,vector1,NA,NA,1.466667,2420,2.970346,2.333844,0.000000,0.000000,
349,cube0,0.351515,580,NA,NA,NA,NA,NA,NA,
349,vector0,NA,NA,1.649697,2722,2.970346,2.333844,0.000000,0.000000,
349,vector1,NA,NA,1.556970,2569,2.970346,2.333844,0.000000,0.000000,
350,cube0,0.329091,543,NA,NA,NA,NA,NA,NA,
350,vector0,NA,NA,1.600606,2641,2.970346,2.333844,0.000000,0.000000,
350,vector1,NA,NA,1.831515,3022,2.970346,2.333844,0.000000,0.000000,
351,cube0,0.376970,622,NA,NA,NA,NA,NA,NA,
351,vector0,NA,NA,1.773333,2926,2.970346,2.333844,0.000000,0.000000,
351,vector1,NA,NA,1.656970,2734,2.970346,2.333844,0.000000,0.000000,
352,cube0,0.307879,508,NA,NA,NA,NA,NA,NA,
352,vector0,NA,NA,1.805454,2979,2.970346,2.333844,0.000000,0.000000,
352,vector1,NA,NA,1.472727,2430,2.970346,2.333844,0.000000,0.000000,
353,cube0,0.310909,513,NA,NA,NA,NA,NA,NA,
353,vector0,NA,NA,1.698788,2803,2.970346,2.333844,0.000000,0.000000,
353,vector1,NA,NA,1.557576,2570,2.970346,2.333844,0.000000,0.000000,
354,cube0,0.320000,528,NA,NA,NA,NA,NA,NA,
354,vector0,NA,NA,1.543030,2546,2.970346,2.333844,0.000000,0.000000,
354,vector1,NA,NA,1.517576,2504,2.970346,2.333844,0.000000,0.000000,
355,cube0,0.350909,579,NA,NA,NA,NA,NA,NA,
355,vector0,NA,NA,1.653333,2728,2.970346,2.333844,0.000000,0.000000,
355,vector1,NA,NA,1.561212,2576,2.970346,2.333844,0.000000,0.000000,
356,cube0,0.341818,564,NA,NA,NA,NA,NA,NA,
356,vector0,NA,NA,1.786061,2947,2.970346,2.333844,0.000000,0.000000,
356,vector1,NA,NA,1.452121,2396,2.970346,2.333844,0.000000,0.000000,
357,cube0,0.307879,508,NA,NA,NA,NA,NA,NA,
357,vector0,NA,NA,1.529697,2524,2.970346,2.333844,0.000000,0.000000,
357,vector1,NA,NA,1.397576,2306,2.970346,2.333844,0.000000,0.000000,
358,cube0,0.358788,592,NA,NA,NA,NA,NA,NA,
358,vector0,NA,NA,1.444242,2383,2.970346,2.333844,0.000000,0.000000,
358,vector1,NA,NA,1.398182,2307,2.970346,2.333844,0.000000,0.000000,
359,cube0,0.355758,587,NA,NA,NA,NA,NA,NA,
359,vector0,NA,NA,1.470303,2426,2.970346,2.333844,0.000000,0.000000,
359,vector1,NA,NA,1.392727,2298,2.970346,2.333844,0.000000,0.000000,
360,cube0,0.367879,607,NA,NA,NA,NA,NA,NA,
360,vector0,NA,NA,1.563636,2580,2.970346,2.333844,0.000000,0.000000,
360,vector1,NA,NA,1.592121,2627,2.970346,2.333844,0.000000,0.000000,
361,cube0,0.291515,481,NA,NA,NA,NA,NA,NA,
361,vector0,NA,NA,1.720606,2839,2.970346,2.333844,0.000000,0.000000,
361,vector1,NA,NA,1.700606,2806,2.970346,2.333844,0.000000,0.000000,
362,cube0,0.344848,569,NA,NA,NA,NA,NA,NA,
362,vector0,NA,NA,1.461212,2411,2.970346,2.333844,0.000000,0.000000,
362,vector1,NA,NA,1.503030,2480,2.970346,2.333844,0.000000,0.000000,
363,cube0,0.293333,484,NA,NA,NA,NA,NA,NA,
363,vector0,NA,NA,1.656364,2733,2.970346,2.333844,0.000000,0.000000,
363,vector1,NA,NA,1.735152,2863,2.970346,2.333844,0.000000,0.000000,
364,cube0,0.366667,605,NA,NA,NA,NA,NA,NA,
364,vector0,NA,NA,1.508485,2489,2.970346,2.333844,0.000000,0.000000,
364,vector1,NA,NA,1.834545,3027,2.970346,2.333844,0.000000,0.000000,
365,cube0,0.320000,528,NA,NA,NA,NA,NA,NA,
365,vector0,NA,NA,1.632121,2693,2.970346,2.333844,0.000000,0.000000,
365,vector1,NA,NA,1.549091,2556,2.970346,2.333844,0.000000,0.000000,
366,cube0,0.312727,516,NA,NA,NA,NA,NA,NA,
366,vector0,NA,NA,1.417576,2339,2.970346,2.333844,0.000000,0.000000,
366,vector1,NA,NA,1.398788,2308,2.970346,2.333844,0.000000,0.000000,
367,cube0,0.342424,565,NA,NA,NA,NA,NA,NA,
367,vector0,NA,NA,1.524242,2515,2.970346,2.333844,0.000000,0.000000,
367,vector1,NA,NA,1.558788,2572,2.970346,2.333844,0.000000,0.000000,
368,cube0,0.315152,520,NA,NA,NA,NA,NA,NA,
368,vector0,NA,NA,1.454545,2400,2.970346,2.333844,0.000000,0.000000,
368,vector1,NA,NA,1.548485,2555,2.970346,2.333844,0.000000,0.000000,
369,cube0,0.349697,577,NA,NA,NA,NA,NA,NA,
369,vector0,NA,NA,1.515758,2501,2.970346,2.333844,0.000000,0.000000,
369,vector1,NA,NA,1.665455,2748,2.970346,2.333844,0.000000,0.000000,
370,cube0,0.329091,543,NA,NA,NA,NA,NA,NA,
370,vector0,NA,NA,1.522424,2512,2.970346,2.333844,0.000000,0.000000,
370,vector1,NA,NA,1.912121,3155,2.970346,2.333844,0.000000,0.000000,
371,cube0,0.373333,616,NA,NA,NA,NA,NA,NA,
371,vector0,NA,NA,1.592121,2627,2.970346,2.333844,0.000000,0.000000,
371,vector1,NA,NA,1.507273,2487,2.970346,2.333844,0.000000,0.000000,
372,cube0,0.307273,507,NA,NA,NA,NA,NA,NA,
372,vector0,NA,NA,2.032121,3353,2.970346,2.333844,0.000000,0.000000,
372,vector1,NA,NA,1.369091,2259,2.970346,2.333844,0.000000,0.000000,
373,cube0,0.310303,512,NA,NA,NA,NA,NA,NA,
373,vector0,NA,NA,1.526061,2518,2.970346,2.333844,0.000000,0.000000,
373,vector1,NA,NA,1.569697,2590,2.970346,2.333844,0.000000,0.000000,
374,cube0,0.320606,529,NA,NA,NA,NA,NA,NA,
374,vector0,NA,NA,1.512121,2495,2.970346,2.333844,0.000000,0.000000,
374,vector1,NA,NA,1.535758,2534,2.970346,2.333844,0.000000,0.000000,
375,cube0,0.351515,580,NA,NA,NA,NA,NA,NA,
375,vector0,NA,NA,1.601818,2643,2.970346,2.333844,0.000000,0.000000,
375,vector1,NA,NA,1.761818,2907,2.970346,2.333844,0.000000,0.000000,
376,cube0,0.345455,570,NA,NA,NA,NA,NA,NA,
376,vector0,NA,NA,1.755152,2896,2.970346,2.333844,0.000000,0.000000,
376,vector1,NA,NA,1.465455,2418,2.970346,2.333844,0.000000,0.000000,
377,cube0,0.305455,504,NA,NA,NA,NA,NA,NA,
377,vector0,NA,NA,1.744242,2878,2.970346,2.333844,0.000000,0.000000,
377,vector1,NA,NA,1.594545,2631,2.970346,2.333844,0.000000,0.000000,
378,cube0,0.361212,596,NA,NA,NA,NA,NA,NA,
378,vector0,NA,NA,1.532121,2528,2.970346,2.333844,0.000000,0.000000,
378,vector1,NA,NA,1.452727,2397,2.970346,2.333844,0.000000,0.000000,
379,cube0,0.351515,580,NA,NA,NA,NA,NA,NA,
379,vector0,NA,NA,1.660000,2739,2.970346,2.333844,0.000000,0.000000,
379,vector1,NA,NA,1.481818,2445,2.970346,2.333844,0.000000,0.000000,
380,cube0,0.348485,575,NA,NA,NA,NA,NA,NA,
380,vector0,NA,NA,1.557576,2570,2.970346,2.333844,0.000000,0.000000,
380,vector1,NA,NA,1.538788,2539,2.970346,2.333844,0.000000,0.000000,
381,cube0,0.289697,478,NA,NA,NA,NA,NA,NA,
381,vector0,NA,NA,1.727879,2851,2.970346,2.333844,0.000000,0.000000,
381,vector1,NA,NA,1.634545,2697,2.970346,2.333844,0.000000,0.000000,
382,cube0,0.344848,569,NA,NA,NA,NA,NA,NA,
382,vector0,NA,NA,1.666667,2750,2.970346,2.333844,0.000000,0.000000,
382,vector1,NA,NA,1.590303,2624,2.970346,2.333844,0.000000,0.000000,
383,cube0,0.292121,482,NA,NA,NA,NA,NA,NA,
383,vector0,NA,NA,1.725455,2847,2.970346,2.333844,0.000000,0.000000,
383,vector1,NA,NA,1.827273,3015,2.970346,2.333844,0.000000,0.000000,
384,cube0,0.367273,606,NA,NA,NA,NA,NA,NA,
384,vector0,NA,NA,1.890303,3119,2.970346,2.333844,0.000000,0.000000,
384,vector1,NA,NA,1.838182,3033,2.970346,2.333844,0.000000,0.000000,
385,cube0,0.321212,530,NA,NA,NA,NA,NA,NA,
385,vector0,NA,NA,1.498182,2472,2.970346,2.333844,0.000000,0.000000,
385,vector1,NA,NA,1.423636,2349,2.970346,2.333844,0.000000,0.000000,
386,cube0,0.312727,516,NA,NA,NA,NA,NA,NA,
386,vector0,NA,NA,1.649091,2721,2.970346,2.333844,0.000000,0.000000,
386,vector1,NA,NA,1.607879,2653,2.970346,2.333844,0.000000,0.000000,
387,cube0,0.340606,562,NA,NA,NA,NA,NA,NA,
387,vector0,NA,NA,1.603030,2645,2.970346,2.333844,0.000000,0.000000,
387,vector1,NA,NA,1.561818,2577,2.970346,2.333844,0.000000,0.000000,
388,cube0,0.316364,522,NA,NA,NA,NA,NA,NA,
388,vector0,NA,NA,1.533333,2530,2.970346,2.333844,0.000000,0.000000,
388,vector1,NA,NA,1.401818,2313,2.970346,2.333844,0.000000,0.000000,
389,cube0,0.350909,579,NA,NA,NA,NA,NA,NA,
389,vector0,NA,NA,1.578788,2605,2.970346,2.333844,0.000000,0.000000,
389,vector1,NA,NA,1.530909,2526,2.970346,2.333844,0.000000,0.000000,
390,cube0,0.329091,543,NA,NA,NA,NA,NA,NA,
390,vector0,NA,NA,1.413333,2332,2.970346,2.333844,0.000000,0.000000,
390,vector1,NA,NA,1.830303,3020,2.970346,2.333844,0.000000,0.000000,
391,cube0,0.375152,619,NA,NA,NA,NA,NA,NA,
391,vector0,NA,NA,1.466667,2420,2.970346,2.333844,0.000000,0.000000,
391,vector1,NA,NA,1.501818,2478,2.970346,2.333844,0.000000,0.000000,
392,cube0,0.303636,501,NA,NA,NA,NA,NA,NA,
392,vector0,NA,NA,1.513333,2497,2.970346,2.333844,0.000000,0.000000,
392,vector1,NA,NA,1.776364,2931,2.970346,2.333844,0.000000,0.000000,
393,cube0,0.306667,506,NA,NA,NA,NA,NA,NA,
393,vector0,NA,NA,1.610303,2657,2.970346,2.333844,0.000000,0.000000,
393,vector1,NA,NA,1.810909,2988,2.970346,2.333844,0.000000,0.000000,
394,cube0,0.319394,527,NA,NA,NA,NA,NA,NA,
394,vector0,NA,NA,1.510909,2493,2.970346,2.333844,0.000000,0.000000,
394,vector1,NA,NA,1.463636,2415,2.970346,2.333844,0.000000,0.000000,
395,cube0,0.350909,579,NA,NA,NA,NA,NA,NA,
395,vector0,NA,NA,1.530303,2525,2.970346,2.333844,0.000000,0.000000,
395,vector1,NA,NA,1.591515,2626,2.970346,2.333844,0.000000,0.000000,
396,cube0,0.342424,565,NA,NA,NA,NA,NA,NA,
396,vector0,NA,NA,1.550303,2558,2.970346,2.333844,0.000000,0.000000,
396,vector1,NA,NA,1.651515,2725,2.970346,2.333844,0.000000,0.000000,
397,cube0,0.306667,506,NA,NA,NA,NA,NA,NA,
397,vector0,NA,NA,1.630909,2691,2.970346,2.333844,0.000000,0.000000,
397,vector1,NA,NA,1.742424,2875,2.970346,2.333844,0.000000,0.000000,
398,cube0,0.364242,601,NA,NA,NA,NA,NA,NA,
398,vector0,NA,NA,1.524848,2516,2.970346,2.333844,0.000000,0.000000,
398,vector1,NA,NA,1.399394,2309,2.970346,2.333844,0.000000,0.000000,
399,cube0,0.352121,581,NA,NA,NA,NA,NA,NA,
399,vector0,NA,NA,1.563636,2580,2.970346,2.333844,0.000000,0.000000,
399,vector1,NA,NA,1.473333,2431,2.970346,2.333844,0.000000,0.000000,
400,cube0,0.350909,579,NA,NA,NA,NA,NA,NA,
400,vector0,NA,NA,1.460606,2410,2.970346,2.333844,0.000000,0.000000,
400,vector1,NA,NA,1.534545,2532,2.970346,2.333844,0.000000,0.000000,
401,cube0,0.286061,472,NA,NA,NA,NA,NA,NA,
401,vector0,NA,NA,1.624242,2680,2.970346,2.333844,0.000000,0.000000,
401,vector1,NA,NA,1.682424,2776,2.970346,2.333844,0.000000,0.000000,
402,cube0,0.346667,572,NA,NA,NA,NA,NA,NA,
402,vector0,NA,NA,1.481818,2445,2.970346,2.333844,0.000000,0.000000,
402,vector1,NA,NA,1.844242,3043,2.970346,2.333844,0.000000,0.000000,
403,cube0,0.293939,485,NA,NA,NA,NA,NA,NA,
403,vector0,NA,NA,1.524242,2515,2.970346,2.333844,0.000000,0.000000,
403,vector1,NA,NA,1.527273,2520,2.970346,2.333844,0.000000,0.000000,
404,cube0,0.364848,602,NA,NA,NA,NA,NA,NA,
404,vector0,NA,NA,1.483636,2448,2.970346,2.333844,0.000000,0.000000,
404,vector1,NA,NA,1.760000,2904,2.970346,2.333844,0.000000,0.000000,
405,cube0,0.320000,528,NA,NA,NA,NA,NA,NA,
405,vector0,NA,NA,1.612121,2660,2.970346,2.333844,0.000000,0.000000,
405,vector1,NA,NA,1.483030,2447,2.970346,2.333844,0.000000,0.000000,
406,cube0,0.310303,512,NA,NA,NA,NA,NA,NA,
406,vector0,NA,NA,1.530909,2526,2.970346,2.333844,0.000000,0.000000,
406,vector1,NA,NA,1.509697,2491,2.970346,2.333844,0.000000,0.000000,
407,cube0,0.339394,560,NA,NA,NA,NA,NA,NA,
407,vector0,NA,NA,1.765455,2913,2.970346,2.333844,0.000000,0.000000,
407,vector1,NA,NA,1.580000,2607,2.970346,2.333844,0.000000,0.000000,
408,cube0,0.318182,525,NA,NA,NA,NA,NA,NA,
408,vector0,NA,NA,1.691515,2791,2.970346,2.333844,0.000000,0.000000,
408,vector1,NA,NA,1.521818,2511,2.970346,2.333844,0.000000,0.000000,
409,cube0,0.349697,577,NA,NA,NA,NA,NA,NA,
409,vector0,NA,NA,1.592727,2628,2.970346,2.333844,0.000000,0.000000,
409,vector1,NA,NA,1.566667,2585,2.970346,2.333844,0.000000,0.000000,
410,cube0,0.327879,541,NA,NA,NA,NA,NA,NA,
410,vector0,NA,NA,1.381818,2280,2.970346,2.333844,0.000000,0.000000,
410,vector1,NA,NA,1.822424,3007,2.970346,2.333844,0.000000,0.000000,
411,cube0,0.370909,612,NA,NA,NA,NA,NA,NA,
411,vector0,NA,NA,1.578182,2604,2.970346,2.333844,0.000000,0.000000,
411,vector1,NA,NA,1.493333,2464,2.970346,2.333844,0.000000,0.000000,
412,cube0,0.304242,502,NA,NA,NA,NA,NA,NA,
412,vector0,NA,NA,1.399394,2309,2.970346,2.333844,0.000000,0.000000,
412,vector1,NA,NA,1.523636,2514,2.970346,2.333844,0.000000,0.000000,
413,cube0,0.308485,509,NA,NA,NA,NA,NA,NA,
413,vector0,NA,NA,1.602424,2644,2.970346,2.333844,0.000000,0.000000,
413,vector1,NA,NA,1.590909,2625,2.970346,2.333844,0.000000,0.000000,
414,cube0,0.320606,529,NA,NA,NA,NA,NA,NA,
414,vector0,NA,NA,1.504848,2483,2.970346,2.333844,0.000000,0.000000,
414,vector1,NA,NA,1.583636,2613,2.970346,2.333844,0.000000,0.000000,
415,cube0,0.351515,580,NA,NA,NA,NA,NA,NA,
415,vector0,NA,NA,1.480606,2443,2.970346,2.333844,0.000000,0.000000,
415,vector1,NA,NA,1.682424,2776,2.970346,2.333844,0.000000,0.000000,
416,cube0,0.338788,559,NA,NA,NA,NA,NA,NA,
416,vector0,NA,NA,1.526061,2518,2.970346,2.333844,0.000000,0.000000,
416,vector1,NA,NA,1.743636,2877,2.970346,2.333844,0.000000,0.000000,
417,cube0,0.305455,504,NA,NA,NA,NA,NA,NA,
417,vector0,NA,NA,1.466061,2419,2.970346,2.333844,0.000000,0.000000,
417,vector1,NA,NA,1.688485,2786,2.970346,2.333844,0.000000,0.000000,
418,cube0,0.358788,592,NA,NA,NA,NA,NA,NA,
418,vector0,NA,NA,1.404242,2317,2.970346,2.333844,0.000000,0.000000,
418,vector1,NA,NA,1.494545,2466,2.970346,2.333844,0.000000,0.000000,
419,cube0,0.363636,600,NA,NA,NA,NA,NA,NA,
419,vector0,NA,NA,1.558788,2572,2.970346,2.333844,0.000000,0.000000,
419,vector1,NA,NA,1.592121,2627,2.970346,2.333844,0.000000,0.000000,
420,cube0,0.349697,577,NA,NA,NA,NA,NA,NA,
420,vector0,NA,NA,1.384848,2285,2.970346,2.333844,0.000000,0.000000,
420,vector1,NA,NA,1.542424,2545,2.970346,2.333844,0.000000,0.000000,
421,cube0,0.290909,480,NA,NA,NA,NA,NA,NA,
421,vector0,NA,NA,1.580000,2607,2.970346,2.333844,0.000000,0.000000,
421,vector1,NA,NA,1.650303,2723,2.970346,2.333844,0.000000,0.000000,
422,cube0,0.345455,570,NA,NA,NA,NA,NA,NA,
422,vector0,NA,NA,1.575152,2599,2.970346,2.333844,0.000000,0.000000,
422,vector1,NA,NA,1.933939,3191,2.970346,2.333844,0.000000,0.000000,
423,cube0,0.291515,481,NA,NA,NA,NA,NA,NA,
423,vector0,NA,NA,1.803030,2975,2.970346,2.333844,0.000000,0.000000,
423,vector1,NA,NA,1.615152,2665,2.970346,2.333844,0.000000,0.000000,
424,cube0,0.367273,606,NA,NA,NA,NA,NA,NA,
424,vector0,NA,NA,1.664848,2747,2.970346,2.333844,0.000000,0.000000,
424,vector1,NA,NA,1.706667,2816,2.970346,2.333844,0.000000,0.000000,
425,cube0,0.321212,530,NA,NA,NA,NA,NA,NA,
425,vector0,NA,NA,1.683030,2777,2.970346,2.333844,0.000000,0.000000,
425,vector1,NA,NA,1.384242,2284,2.970346,2.333844,0.000000,0.000000,
426,cube0,0.311515,514,NA,NA,NA,NA,NA,NA,
426,vector0,NA,NA,1.522424,2512,2.970346,2.333844,0.000000,0.000000,
426,vector1,NA,NA,1.476970,2437,2.970346,2.333844,0.000000,0.000000,
427,cube0,0.339394,560,NA,NA,NA,NA,NA,NA,
427,vector0,NA,NA,1.678182,2769,2.970346,2.333844,0.000000,0.000000,
427,vector1,NA,NA,1.635758,2699,2.970346,2.333844,0.000000,0.000000,
428,cube0,0.315758,521,NA,NA,NA,NA,NA,NA,
428,vector0,NA,NA,1.487273,2454,2.970346,2.333844,0.000000,0.000000,
428,vector1,NA,NA,1.549091,2556,2.970346,2.333844,0.000000,0.000000,
429,cube0,0.353333,583,NA,NA,NA,NA,NA,NA,
429,vector0,NA,NA,1.701818,2808,2.970346,2.333844,0.000000,0.000000,
429,vector1,NA,NA,1.662424,2743,2.970346,2.333844,0.000000,0.000000,
430,cube0,0.331515,547,NA,NA,NA,NA,NA,NA,
430,vector0,NA,NA,1.537576,2537,2.970346,2.333844,0.000000,0.000000,
430,vector1,NA,NA,1.906667,3146,2.970346,2.333844,0.000000,0.000000,
431,cube0,0.372727,615,NA,NA,NA,NA,NA,NA,
431,vector0,NA,NA,1.526061,2518,2.970346,2.333844,0.000000,0.000000,
431,vector1,NA,NA,1.518788,2506,2.970346,2.333844,0.000000,0.000000,
432,cube0,0.307879,508,NA,NA,NA,NA,NA,NA,
432,vector0,NA,NA,1.493333,2464,2.970346,2.333844,0.000000,0.000000,
432,vector1,NA,NA,1.790909,2955,2.970346,2.333844,0.000000,0.000000,
433,cube0,0.308485,509,NA,NA,NA,NA,NA,NA,
433,vector0,NA,NA,1.635152,2698,2.970346,2.333844,0.000000,0.000000,
433,vector1,NA,NA,1.707879,2818,2.970346,2.333844,0.000000,0.000000,
434,cube0,0.323636,534,NA,NA,NA,NA,NA,NA,
434,vector0,NA,NA,1.530909,2526,2.970346,2.333844,0.000000,0.000000,
434,vector1,NA,NA,1.589091,2622,2.970346,2.333844,0.000000,0.000000,
435,cube0,0.349697,577,NA,NA,NA,NA,NA,NA,
435,vector0,NA,NA,1.586667,2618,2.970346,2.333844,0.000000,0.000000,
435,vector1,NA,NA,1.694546,2796,2.970346,2.333844,0.000000,0.000000,
436,cube0,0.340000,561,NA,NA,NA,NA,NA,NA,
436,vector0,NA,NA,1.407273,2322,2.970346,2.333844,0.000000,0.000000,
436,vector1,NA,NA,1.452121,2396,2.970346,2.333844,0.000000,0.000000,
437,cube0,0.323030,533,NA,NA,NA,NA,NA,NA,
437,vector0,NA,NA,1.555151,2566,2.970346,2.333844,0.000000,0.000000,
437,vector1,NA,NA,1.495758,2468,2.970346,2.333844,0.000000,0.000000,
438,cube0,0.364242,601,NA,NA,NA,NA,NA,NA,
438,vector0,NA,NA,1.832727,3024,2.970346,2.333844,0.000000,0.000000,
438,vector1,NA,NA,1.447273,2388,2.970346,2.333844,0.000000,0.000000,
439,cube0,0.350909,579,NA,NA,NA,NA,NA,NA,
439,vector0,NA,NA,1.516970,2503,2.970346,2.333844,0.000000,0.000000,
439,vector1,NA,NA,1.489697,2458,2.970346,2.333844,0.000000,0.000000,
440,cube0,0.348485,575,NA,NA,NA,NA,NA,NA,
440,vector0,NA,NA,1.437576,2372,2.970346,2.333844,0.000000,0.000000,
440,vector1,NA,NA,1.547273,2553,2.970346,2.333844,0.000000,0.000000,
441,cube0,0.295152,487,NA,NA,NA,NA,NA,NA,
441,vector0,NA,NA,1.638182,2703,2.970346,2.333844,0.000000,0.000000,
441,vector1,NA,NA,1.729091,2853,2.970346,2.333844,0.000000,0.000000,
442,cube0,0.346061,571,NA,NA,NA,NA,NA,NA,
442,vector0,NA,NA,1.538788,2539,2.970346,2.333844,0.000000,0.000000,
442,vector1,NA,NA,1.362424,2248,2.970346,2.333844,0.000000,0.000000,
443,cube0,0.294545,486,NA,NA,NA,NA,NA,NA,
443,vector0,NA,NA,1.671515,2758,2.970346,2.333844,0.000000,0.000000,
443,vector1,NA,NA,1.428485,2357,2.970346,2.333844,0.000000,0.000000,
444,cube0,0.368485,608,NA,NA,NA,NA,NA,NA,
444,vector0,NA,NA,1.520606,2509,2.970346,2.333844,0.000000,0.000000,
444,vector1,NA,NA,1.761818,2907,2.970346,2.333844,0.000000,0.000000,
445,cube0,0.323030,533,NA,NA,NA,NA,NA,NA,
445,vector0,NA,NA,1.656970,2734,2.970346,2.333844,0.000000,0.000000,
445,vector1,NA,NA,1.520606,2509,2.970346,2.333844,0.000000,0.000000,
446,cube0,0.310909,513,NA,NA,NA,NA,NA,NA,
446,vector0,NA,NA,1.443636,2382,2.970346,2.333844,0.000000,0.000000,
446,vector1,NA,NA,1.418788,2341,2.970346,2.333844,0.000000,0.000000,
447,cube0,0.342424,565,NA,NA,NA,NA,NA,NA,
447,vector0,NA,NA,1.548485,2555,2.970346,2.333844,0.000000,0.000000,
447,vector1,NA,NA,1.588485,2621,2.970346,2.333844,0.000000,0.000000,
448,cube0,0.315152,520,NA,NA,NA,NA,NA,NA,
448,vector0,NA,NA,1.356364,2238,2.970346,2.333844,0.000000,0.000000,
448,vector1,NA,NA,1.559394,2573,2.970346,2.333844,0.000000,0.000000,
449,cube0,0.347879,574,NA,NA,NA,NA,NA,NA,
449,vector0,NA,NA,1.334545,2202,2.970346,2.333844,0.000000,0.000000,
449,vector1,NA,NA,1.676364,2766,2.970346,2.333844,0.000000,0.000000,
450,cube0,0.332121,548,NA,NA,NA,NA,NA,NA,
450,vector0,NA,NA,1.518182,2505,2.970346,2.333844,0.000000,0.000000,
450,vector1,NA,NA,1.373333,2266,2.970346,2.333844,0.000000,0.000000,
451,cube0,0.375152,619,NA,NA,NA,NA,NA,NA,
451,vector0,NA,NA,1.672727,2760,2.970346,2.333844,0.000000,0.000000,
451,vector1,NA,NA,1.507879,2488,2.970346,2.333844,0.000000,0.000000,
452,cube0,0.306061,505,NA,NA,NA,NA,NA,NA,
452,vector0,NA,NA,1.576970,2602,2.970346,2.333844,0.000000,0.000000,
452,vector1,NA,NA,1.544848,2549,2.970346,2.333844,0.000000,0.000000,
453,cube0,0.313939,518,NA,NA,NA,NA,NA,NA,
453,vector0,NA,NA,1.628485,2687,2.970346,2.333844,0.000000,0.000000,
453,vector1,NA,NA,1.644848,2714,2.970346,2.333844,0.000000,0.000000,
454,cube0,0.320606,529,NA,NA,NA,NA,NA,NA,
454,vector0,NA,NA,1.422424,2347,2.970346,2.333844,0.000000,0.000000,
454,vector1,NA,NA,1.790909,2955,2.970346,2.333844,0.000000,0.000000,
455,cube0,0.350303,578,NA,NA,NA,NA,NA,NA,
455,vector0,NA,NA,1.767273,2916,2.970346,2.333844,0.000000,0.000000,
455,vector1,NA,NA,1.498182,2472,2.970346,2.333844,0.000000,0.000000,
456,cube0,0.343636,567,NA,NA,NA,NA,NA,NA,
456,vector0,NA,NA,1.489091,2457,2.970346,2.333844,0.000000,0.000000,
456,vector1,NA,NA,1.558182,2571,2.970346,2.333844,0.000000,0.000000,
457,cube0,0.304848,503,NA,NA,NA,NA,NA,NA,
457,vector0,NA,NA,1.648485,2720,2.970346,2.333844,0.000000,0.000000,
457,vector1,NA,NA,1.755152,2896,2.970346,2.333844,0.000000,0.000000,
458,cube0,0.364848,602,NA,NA,NA,NA,NA,NA,
458,vector0,NA,NA,1.509091,2490,2.970346,2.333844,0.000000,0.000000,
458,vector1,NA,NA,1.510909,2493,2.970346,2.333844,0.000000,0.000000,
459,cube0,0.350909,579,NA,NA,NA,NA,NA,NA,
459,vector0,NA,NA,1.596970,2635,2.970346,2.333844,0.000000,0.000000,
459,vector1,NA,NA,1.666667,2750,2.970346,2.333844,0.000000,0.000000,
460,cube0,0.346061,571,NA,NA,NA,NA,NA,NA,
460,vector0,NA,NA,1.501818,2478,2.970346,2.333844,0.000000,0.000000,
460,vector1,NA,NA,1.581212,2609,2.970346,2.333844,0.000000,0.000000,
461,cube0,0.292121,482,NA,NA,NA,NA,NA,NA,
461,vector0,NA,NA,1.571515,2593,2.970346,2.333844,0.000000,0.000000,
461,vector1,NA,NA,1.753939,2894,2.970346,2.333844,0.000000,0.000000,
462,cube0,0.347879,574,NA,NA,NA,NA,NA,NA,
462,vector0,NA,NA,1.593939,2630,2.970346,2.333844,0.000000,0.000000,
462,vector1,NA,NA,1.530909,2526,2.970346,2.333844,0.000000,0.000000,
463,cube0,0.292727,483,NA,NA,NA,NA,NA,NA,
463,vector0,NA,NA,1.798182,2967,2.970346,2.333844,0.000000,0.000000,
463,vector1,NA,NA,1.631515,2692,2.970346,2.333844,0.000000,0.000000,
464,cube0,0.365455,603,NA,NA,NA,NA,NA,NA,
464,vector0,NA,NA,1.895758,3128,2.970346,2.333844,0.000000,0.000000,
464,vector1,NA,NA,1.486667,2453,2.970346,2.333844,0.000000,0.000000,
465,cube0,0.321818,531,NA,NA,NA,NA,NA,NA,
465,vector0,NA,NA,1.701212,2807,2.970346,2.333844,0.000000,0.000000,
465,vector1,NA,NA,1.680606,2773,2.970346,2.333844,0.000000,0.000000,
466,cube0,0.315758,521,NA,NA,NA,NA,NA,NA,
466,vector0,NA,NA,1.396364,2304,2.970346,2.333844,0.000000,0.000000,
466,vector1,NA,NA,1.516970,2503,2.970346,2.333844,0.000000,0.000000,
467,cube0,0.340606,562,NA,NA,NA,NA,NA,NA,
467,vector0,NA,NA,1.452727,2397,2.970346,2.333844,0.000000,0.000000,
467,vector1,NA,NA,1.779394,2936,2.970346,2.333844,0.000000,0.000000,
468,cube0,0.318182,525,NA,NA,NA,NA,NA,NA,
468,vector0,NA,NA,1.538788,2539,2.970346,2.333844,0.000000,0.000000,
468,vector1,NA,NA,1.455152,2401,2.970346,2.333844,0.000000,0.000000,
469,cube0,0.353333,583,NA,NA,NA,NA,NA,NA,
469,vector0,NA,NA,1.676364,2766,2.970346,2.333844,0.000000,0.000000,
469,vector1,NA,NA,1.590909,2625,2.970346,2.333844,0.000000,0.000000,
470,cube0,0.329697,544,NA,NA,NA,NA,NA,NA,
470,vector0,NA,NA,1.524848,2516,2.970346,2.333844,0.000000,0.000000,
470,vector1,NA,NA,1.533333,2530,2.970346,2.333844,0.000000,0.000000,
471,cube0,0.372121,614,NA,NA,NA,NA,NA,NA,
471,vector0,NA,NA,1.599394,2639,2.970346,2.333844,0.000000,0.000000,
471,vector1,NA,NA,1.582424,2611,2.970346,2.333844,0.000000,0.000000,
472,cube0,0.305455,504,NA,NA,NA,NA,NA,NA,
472,vector0,NA,NA,1.841818,3039,2.970346,2.333844,0.000000,0.000000,
472,vector1,NA,NA,1.399394,2309,2.970346,2.333844,0.000000,0.000000,
473,cube0,0.312121,515,NA,NA,NA,NA,NA,NA,
473,vector0,NA,NA,1.775758,2930,2.970346,2.333844,0.000000,0.000000,
473,vector1,NA,NA,1.395151,2302,2.970346,2.333844,0.000000,0.000000,
474,cube0,0.319394,527,NA,NA,NA,NA,NA,NA,
474,vector0,NA,NA,1.552121,2561,2.970346,2.333844,0.000000,0.000000,
474,vector1,NA,NA,1.525455,2517,2.970346,2.333844,0.000000,0.000000,
475,cube0,0.351515,580,NA,NA,NA,NA,NA,NA,
475,vector0,NA,NA,1.761818,2907,2.970346,2.333844,0.000000,0.000000,
475,vector1,NA,NA,1.609697,2656,2.970346,2.333844,0.000000,0.000000,
476,cube0,0.347273,573,NA,NA,NA,NA,NA,NA,
476,vector0,NA,NA,1.541212,2543,2.970346,2.333844,0.000000,0.000000,
476,vector1,NA,NA,1.472121,2429,2.970346,2.333844,0.000000,0.000000,
477,cube0,0.307273,507,NA,NA,NA,NA,NA,NA,
477,vector0,NA,NA,1.726061,2848,2.970346,2.333844,0.000000,0.000000,
477,vector1,NA,NA,1.487273,2454,2.970346,2.333844,0.000000,0.000000,
478,cube0,0.365455,603,NA,NA,NA,NA,NA,NA,
478,vector0,NA,NA,1.606061,2650,2.970346,2.333844,0.000000,0.000000,
478,vector1,NA,NA,1.806061,2980,2.970346,2.333844,0.000000,0.000000,
479,cube0,0.350303,578,NA,NA,NA,NA,NA,NA,
479,vector0,NA,NA,1.613939,2663,2.970346,2.333844,0.000000,0.000000,
479,vector1,NA,NA,1.666667,2750,2.970346,2.333844,0.000000,0.000000,
480,cube0,0.350303,578,NA,NA,NA,NA,NA,NA,
480,vector0,NA,NA,1.488485,2456,2.970346,2.333844,0.000000,0.000000,
480,vector1,NA,NA,1.636364,2700,2.970346,2.333844,0.000000,0.000000,
481,cube0,0.287879,475,NA,NA,NA,NA,NA,NA,
481,vector0,NA,NA,1.657576,2735,2.970346,2.333844,0.000000,0.000000,
481,vector1,NA,NA,1.378182,2274,2.970346,2.333844,0.000000,0.000000,
482,cube0,0.347879,574,NA,NA,NA,NA,NA,NA,
482,vector0,NA,NA,1.479394,2441,2.970346,2.333844,0.000000,0.000000,
482,vector1,NA,NA,1.592121,2627,2.970346,2.333844,0.000000,0.000000,
483,cube0,0.293939,485,NA,NA,NA,NA,NA,NA,
483,vector0,NA,NA,1.553333,2563,2.970346,2.333844,0.000000,0.000000,
483,vector1,NA,NA,1.744848,2879,2.970346,2.333844,0.000000,0.000000,
484,cube0,0.365455,603,NA,NA,NA,NA,NA,NA,
484,vector0,NA,NA,1.509091,2490,2.970346,2.333844,0.000000,0.000000,
484,vector1,NA,NA,1.466061,2419,2.970346,2.333844,0.000000,0.000000,
485,cube0,0.323030,533,NA,NA,NA,NA,NA,NA,
485,vector0,NA,NA,1.562424,2578,2.970346,2.333844,0.000000,0.000000,
485,vector1,NA,NA,1.618182,2670,2.970346,2.333844,0.000000,0.000000,
486,cube0,0.310303,512,NA,NA,NA,NA,NA,NA,
486,vector0,NA,NA,1.493333,2464,2.970346,2.333844,0.000000,0.000000,
486,vector1,NA,NA,1.529697,2524,2.970346,2.333844,0.000000,0.000000,
487,cube0,0.340606,562,NA,NA,NA,NA,NA,NA,
487,vector0,NA,NA,1.650303,2723,2.970346,2.333844,0.000000,0.000000,
487,vector1,NA,NA,1.776364,2931,2.970346,2.333844,0.000000,0.000000,
488,cube0,0.315758,521,NA,NA,NA,NA,NA,NA,
488,vector0,NA,NA,1.520000,2508,2.970346,2.333844,0.000000,0.000000,
488,vector1,NA,NA,1.501212,2477,2.970346,2.333844,0.000000,0.000000,
489,cube0,0.355152,586,NA,NA,NA,NA,NA,NA,
489,vector0,NA,NA,1.676364,2766,2.970346,2.333844,0.000000,0.000000,
489,vector1,NA,NA,1.573333,2596,2.970346,2.333844,0.000000,0.000000,
490,cube0,0.332727,549,NA,NA,NA,NA,NA,NA,
490,vector0,NA,NA,1.410303,2327,2.970346,2.333844,0.000000,0.000000,
490,vector1,NA,NA,1.552121,2561,2.970346,2.333844,0.000000,0.000000,
491,cube0,0.375758,620,NA,NA,NA,NA,NA,NA,
491,vector0,NA,NA,1.487879,2455,2.970346,2.333844,0.000000,0.000000,
491,vector1,NA,NA,1.751515,2890,2.970346,2.333844,0.000000,0.000000,
492,cube0,0.306061,505,NA,NA,NA,NA,NA,NA,
492,vector0,NA,NA,1.563030,2579,2.970346,2.333844,0.000000,0.000000,
492,vector1,NA,NA,1.524242,2515,2.970346,2.333844,0.000000,0.000000,
493,cube0,0.310303,512,NA,NA,NA,NA,NA,NA,
493,vector0,NA,NA,1.787273,2949,2.970346,2.333844,0.000000,0.000000,
493,vector1,NA,NA,1.680606,2773,2.970346,2.333844,0.000000,0.000000,
494,cube0,0.320000,528,NA,NA,NA,NA,NA,NA,
494,vector0,NA,NA,1.520000,2508,2.970346,2.333844,0.000000,0.000000,
494,vector1,NA,NA,1.559394,2573,2.970346,2.333844,0.000000,0.000000,
495,cube0,0.350909,579,NA,NA,NA,NA,NA,NA,
495,vector0,NA,NA,1.800000,2970,2.970346,2.333844,0.000000,0.000000,
495,vector1,NA,NA,1.831515,3022,2.970346,2.333844,0.000000,0.000000,
496,cube0,0.344242,568,NA,NA,NA,NA,NA,NA,
496,vector0,NA,NA,1.440000,2376,2.970346,2.333844,0.000000,0.000000,
496,vector1,NA,NA,1.540606,2542,2.970346,2.333844,0.000000,0.000000,
497,cube0,0.308485,509,NA,NA,NA,NA,NA,NA,
497,vector0,NA,NA,1.481818,2445,2.970346,2.333844,0.000000,0.000000,
497,vector1,NA,NA,1.656364,2733,2.970346,2.333844,0.000000,0.000000,
498,cube0,0.365455,603,NA,NA,NA,NA,NA,NA,
498,vector0,NA,NA,1.536970,2536,2.970346,2.333844,0.000000,0.000000,
498,vector1,NA,NA,1.480606,2443,2.970346,2.333844,0.000000,0.000000,
499,cube0,0.349091,576,NA,NA,NA,NA,NA,NA,
499,vector0,NA,NA,1.618182,2670,2.970346,2.333844,0.000000,0.000000,
499,vector1,NA,NA,1.430909,2361,2.970346,2.333844,0.000000,0.000000,
500,cube0,0.347273,573,NA,NA,NA,NA,NA,NA,
500,vector0,NA,NA,1.531515,2527,2.970346,2.333844,0.000000,0.000000,
500,vector1,NA,NA,1.854545,3060,2.970346,2.333844,0.000000,0.000000,
501,cube0,0.289091,477,NA,NA,NA,NA,NA,NA,
501,vector0,NA,NA,1.780000,2937,2.970346,2.333844,0.000000,0.000000,
501,vector1,NA,NA,1.545455,2550,2.970346,2.333844,0.000000,0.000000,
502,cube0,0.346667,572,NA,NA,NA,NA,NA,NA,
502,vector0,NA,NA,1.370303,2261,2.970346,2.333844,0.000000,0.000000,
502,vector1,NA,NA,1.475152,2434,2.970346,2.333844,0.000000,0.000000,
503,cube0,0.293939,485,NA,NA,NA,NA,NA,NA,
503,vector0,NA,NA,1.534545,2532,2.970346,2.333844,0.000000,0.000000,
503,vector1,NA,NA,1.552121,2561,2.970346,2.333844,0.000000,0.000000,
504,cube0,0.366061,604,NA,NA,NA,NA,NA,NA,
504,vector0,NA,NA,1.670909,2757,2.970346,2.333844,0.000000,0.000000,
504,vector1,NA,NA,1.558788,2572,2.970346,2.333844,0.000000,0.000000,
505,cube0,0.323030,533,NA,NA,NA,NA,NA,NA,
505,vector0,NA,NA,1.589697,2623,2.970346,2.333844,0.000000,0.000000,
505,vector1,NA,NA,1.601212,2642,2.970346,2.333844,0.000000,0.000000,
506,cube0,0.319394,527,NA,NA,NA,NA,NA,NA,
506,vector0,NA,NA,1.427879,2356,2.970346,2.333844,0.000000,0.000000,
506,vector1,NA,NA,1.490909,2460,2.970346,2.333844,0.000000,0.000000,
507,cube0,0.341212,563,NA,NA,NA,NA,NA,NA,
507,vector0,NA,NA,1.518182,2505,2.970346,2.333844,0.000000,0.000000,
507,vector1,NA,NA,1.711515,2824,2.970346,2.333844,0.000000,0.000000,
508,cube0,0.312727,516,NA,NA,NA,NA,NA,NA,
508,vector0,NA,NA,1.553333,2563,2.970346,2.333844,0.000000,0.000000,
508,vector1,NA,NA,1.594545,2631,2.970346,2.333844,0.000000,0.000000,
509,cube0,0.352121,581,NA,NA,NA,NA,NA,NA,
509,vector0,NA,NA,1.701818,2808,2.970346,2.333844,0.000000,0.000000,
509,vector1,NA,NA,1.666667,2750,2.970346,2.333844,0.000000,0.000000,
510,cube0,0.333333,550,NA,NA,NA,NA,NA,NA,
510,vector0,NA,NA,1.513333,2497,2.970346,2.333844,0.000000,0.000000,
510,vector1,NA,NA,1.850909,3054,2.970346,2.333844,0.000000,0.000000,
511,cube0,0.371515,613,NA,NA,NA,NA,NA,NA,
511,vector0,NA,NA,1.658182,2736,2.970346,2.333844,0.000000,0.000000,
511,vector1,NA,NA,1.743636,2877,2.970346,2.333844,0.000000,0.000000,
